By Year,TEAM,GP,MIN,%FGA,%FGA.1,%PTS,%PTS.1,%PTS.2,%PTS.3,%PTS.4,%PTS.5,%PTS.6,2FGM,2FGM.1,3FGM,3FGM.1,FGM,FGM.1,player_name,player_id
2024-25,HOU,36,31.4,90.3,9.7,76.4,5.6,4.8,3.7,18.8,13.6,70.9,42.5,57.5,100.0,0.0,44.9,55.1,Alperen Sengun,55
2023-24,HOU,63,32.5,88.7,11.3,74.2,4.5,7.4,4.9,18.4,13.3,69.7,62.6,37.4,100.0,0.0,64.9,35.1,Alperen Sengun,55
2022-23,HOU,75,28.9,92.9,7.1,76.3,2.2,5.1,4.5,18.6,10.6,74.1,49.9,50.1,100.0,0.0,52.0,48.0,Alperen Sengun,55
2021-22,HOU,72,20.7,77.7,22.3,63.6,1.2,12.6,4.8,23.8,14.0,62.4,43.6,56.4,96.6,3.4,49.8,50.2,Alperen Sengun,55
2024-25,GSW,32,29.0,58.7,41.3,45.6,5.3,38.2,13.3,16.2,15.4,40.3,59.2,40.8,88.1,11.9,69.5,30.5,Andrew Wiggins,76
2023-24,GSW,71,27.0,67.4,32.6,55.8,9.6,29.1,10.9,15.1,10.5,46.2,59.2,40.8,90.1,9.9,67.1,32.9,Andrew Wiggins,76
2022-23,GSW,37,32.2,57.5,42.5,50.9,11.4,42.2,11.5,6.9,18.0,39.5,62.1,37.9,95.5,4.5,74.0,26.0,Andrew Wiggins,76
2021-22,GSW,73,31.9,60.8,39.2,50.6,10.7,37.5,10.7,11.9,13.8,40.0,49.7,50.3,89.8,10.2,62.9,37.1,Andrew Wiggins,76
2020-21,GSW,71,33.3,65.2,34.8,55.3,11.5,31.8,12.3,12.9,15.8,43.8,47.9,52.1,82.9,17.1,57.6,42.4,Andrew Wiggins,76
2019-20,TOT,54,34.4,65.8,34.2,55.5,7.8,28.3,7.5,16.2,14.5,47.7,39.3,60.7,77.5,22.5,49.0,51.0,Andrew Wiggins,76
2019-20,GSW,12,33.6,68.6,31.4,56.7,8.6,25.8,17.6,17.5,19.7,48.1,50.0,50.0,95.0,5.0,60.5,39.5,Andrew Wiggins,76
2019-20,MIN,42,34.7,65.2,34.8,55.2,7.6,29.0,5.0,15.8,13.2,47.6,36.5,63.5,73.6,26.4,46.2,53.8,Andrew Wiggins,76
2018-19,MIN,73,34.8,71.2,28.8,57.5,16.7,26.8,10.4,15.7,13.0,40.9,45.0,55.0,81.4,18.6,53.6,46.4,Andrew Wiggins,76
2017-18,MIN,82,36.3,74.0,26.0,62.9,16.7,23.1,10.1,14.0,15.8,46.3,47.0,53.0,84.8,15.2,54.5,45.5,Andrew Wiggins,76
2016-17,MIN,82,37.2,81.6,18.4,62.7,23.1,16.0,11.3,21.3,14.1,39.6,41.4,58.6,75.7,24.3,46.4,53.6,Andrew Wiggins,76
2015-16,MIN,81,35.1,85.3,14.7,64.1,18.5,10.2,12.5,25.7,16.4,45.6,51.0,49.0,82.5,17.5,54.0,46.0,Andrew Wiggins,76
2014-15,MIN,82,36.2,88.9,11.1,66.0,19.9,8.4,13.0,25.6,19.3,46.1,48.9,51.1,87.2,12.8,51.9,48.1,Andrew Wiggins,76
2024-25,POR,32,31.9,48.0,52.0,40.4,9.8,46.0,8.1,13.6,10.9,30.6,20.8,79.2,54.9,45.1,35.5,64.5,Anfernee Simons,58
2023-24,POR,46,34.4,51.6,48.4,39.3,8.3,45.0,13.3,15.7,13.7,31.0,16.2,83.8,62.2,37.8,36.1,63.9,Anfernee Simons,58
2022-23,POR,62,35.0,46.2,53.8,39.1,10.0,48.7,10.9,12.2,14.6,29.1,29.0,71.0,68.4,31.6,46.9,53.1,Anfernee Simons,58
2021-22,POR,57,29.5,44.5,55.5,35.2,11.9,54.4,8.5,10.4,14.1,23.3,19.5,80.5,65.4,34.6,42.8,57.2,Anfernee Simons,58
2020-21,POR,64,17.3,29.7,70.3,19.1,6.8,71.7,8.8,9.2,8.0,12.4,12.5,87.5,68.3,31.7,52.4,47.6,Anfernee Simons,58
2019-20,POR,70,20.7,57.8,42.2,48.0,15.5,38.9,13.6,13.1,14.2,32.5,37.4,62.6,68.0,32.0,48.1,51.9,Anfernee Simons,58
2018-19,POR,20,7.0,54.0,46.0,48.0,16.0,40.0,12.0,12.0,12.0,32.0,22.2,77.8,60.0,40.0,35.7,64.3,Anfernee Simons,58
2024-25,LAL,31,34.7,87.8,12.2,67.2,10.4,8.2,8.8,24.6,15.9,56.9,60.7,39.3,95.5,4.5,63.3,36.7,Anthony Davis,10
2023-24,LAL,76,35.5,91.7,8.3,72.9,9.2,4.6,7.6,22.5,14.5,63.8,67.0,33.0,96.6,3.4,68.2,31.8,Anthony Davis,10
2022-23,LAL,56,34.0,92.3,7.7,72.1,11.0,3.9,7.0,24.0,12.9,61.1,62.5,37.5,100.0,0.0,63.8,36.2,Anthony Davis,10
2021-22,LAL,40,35.1,89.9,10.1,77.0,15.5,4.2,9.4,18.8,16.1,61.5,64.7,35.3,84.6,15.4,65.4,34.6,Anthony Davis,10
2020-21,LAL,36,32.3,83.7,16.3,70.0,16.3,9.9,8.4,20.1,12.7,53.7,57.5,42.5,96.2,3.8,60.8,39.2,Anthony Davis,10
2019-20,LAL,62,34.4,80.1,19.9,59.2,10.9,13.3,12.2,27.5,15.8,48.3,57.8,42.2,98.6,1.4,63.2,36.8,Anthony Davis,10
2018-19,NOP,56,33.0,85.9,14.1,66.4,11.4,9.9,10.7,23.7,17.1,55.0,61.8,38.2,100.0,0.0,65.3,34.7,Anthony Davis,10
2017-18,NOP,75,36.4,88.9,11.1,68.7,13.9,7.8,12.7,23.5,15.0,54.8,70.1,29.9,90.9,9.1,71.5,28.5,Anthony Davis,10
2016-17,NOP,75,36.1,91.2,8.8,69.6,23.3,5.7,8.0,24.7,12.3,46.2,64.4,35.6,100.0,0.0,66.2,33.8,Anthony Davis,10
2015-16,NOP,61,35.5,90.5,9.5,70.9,25.8,7.1,9.0,22.0,13.8,45.1,72.8,27.2,94.3,5.7,74.1,25.9,Anthony Davis,10
2014-15,NOP,68,36.1,99.0,1.0,77.4,28.0,0.2,10.6,22.4,14.6,49.4,71.5,28.5,100.0,0.0,71.5,28.5,Anthony Davis,10
2013-14,NOP,67,35.2,99.1,0.9,74.6,20.7,0.4,13.9,25.0,17.4,53.9,66.7,33.3,100.0,0.0,66.9,33.1,Anthony Davis,10
2012-13,NOH,64,28.8,99.1,0.9,80.5,14.8,0.0,12.6,19.5,19.0,65.7,76.5,23.5,0.0,0.0,76.5,23.5,Anthony Davis,10
2024-25,LAL,31,34.7,87.8,12.2,67.2,10.4,8.2,8.8,24.6,15.9,56.9,60.7,39.3,95.5,4.5,63.3,36.7,Anthony Edwards,16
2023-24,LAL,76,35.5,91.7,8.3,72.9,9.2,4.6,7.6,22.5,14.5,63.8,67.0,33.0,96.6,3.4,68.2,31.8,Anthony Edwards,16
2022-23,LAL,56,34.0,92.3,7.7,72.1,11.0,3.9,7.0,24.0,12.9,61.1,62.5,37.5,100.0,0.0,63.8,36.2,Anthony Edwards,16
2021-22,LAL,40,35.1,89.9,10.1,77.0,15.5,4.2,9.4,18.8,16.1,61.5,64.7,35.3,84.6,15.4,65.4,34.6,Anthony Edwards,16
2020-21,LAL,36,32.3,83.7,16.3,70.0,16.3,9.9,8.4,20.1,12.7,53.7,57.5,42.5,96.2,3.8,60.8,39.2,Anthony Edwards,16
2019-20,LAL,62,34.4,80.1,19.9,59.2,10.9,13.3,12.2,27.5,15.8,48.3,57.8,42.2,98.6,1.4,63.2,36.8,Anthony Edwards,16
2018-19,NOP,56,33.0,85.9,14.1,66.4,11.4,9.9,10.7,23.7,17.1,55.0,61.8,38.2,100.0,0.0,65.3,34.7,Anthony Edwards,16
2017-18,NOP,75,36.4,88.9,11.1,68.7,13.9,7.8,12.7,23.5,15.0,54.8,70.1,29.9,90.9,9.1,71.5,28.5,Anthony Edwards,16
2016-17,NOP,75,36.1,91.2,8.8,69.6,23.3,5.7,8.0,24.7,12.3,46.2,64.4,35.6,100.0,0.0,66.2,33.8,Anthony Edwards,16
2015-16,NOP,61,35.5,90.5,9.5,70.9,25.8,7.1,9.0,22.0,13.8,45.1,72.8,27.2,94.3,5.7,74.1,25.9,Anthony Edwards,16
2014-15,NOP,68,36.1,99.0,1.0,77.4,28.0,0.2,10.6,22.4,14.6,49.4,71.5,28.5,100.0,0.0,71.5,28.5,Anthony Edwards,16
2013-14,NOP,67,35.2,99.1,0.9,74.6,20.7,0.4,13.9,25.0,17.4,53.9,66.7,33.3,100.0,0.0,66.9,33.1,Anthony Edwards,16
2012-13,NOH,64,28.8,99.1,0.9,80.5,14.8,0.0,12.6,19.5,19.0,65.7,76.5,23.5,0.0,0.0,76.5,23.5,Anthony Edwards,16
2024-25,LAL,31,34.8,47.7,52.3,38.2,3.5,43.5,12.9,18.3,10.8,34.6,50.9,49.1,78.0,22.0,62.6,37.4,Austin Reaves,61
2023-24,LAL,82,32.1,55.3,44.7,46.6,7.7,35.5,14.8,17.9,12.2,38.9,40.9,59.1,67.5,32.5,49.9,50.1,Austin Reaves,61
2022-23,LAL,64,28.8,55.9,44.1,41.5,5.8,31.0,17.3,27.5,14.3,35.8,40.5,59.5,86.0,14.0,55.6,44.4,Austin Reaves,61
2021-22,LAL,61,23.2,47.5,52.5,41.9,5.0,35.8,14.4,22.3,20.5,36.9,55.9,44.1,98.1,1.9,71.2,28.8,Austin Reaves,61
2024-25,MIA,35,34.4,81.1,18.9,67.6,8.8,13.2,3.5,19.2,11.6,58.8,56.8,43.2,76.0,24.0,59.0,41.0,Bam Adebayo,79
2023-24,MIA,71,34.0,95.9,4.1,75.3,9.5,3.3,8.3,21.4,12.7,65.8,57.3,42.7,100.0,0.0,58.5,41.5,Bam Adebayo,79
2022-23,MIA,75,34.6,98.9,1.1,78.6,6.8,0.2,10.0,21.2,16.2,71.8,60.1,39.9,100.0,0.0,60.1,39.9,Bam Adebayo,79
2021-22,MIA,56,32.6,99.2,0.8,76.0,7.9,0.0,11.3,24.0,15.5,68.2,60.8,39.2,0.0,0.0,60.8,39.2,Bam Adebayo,79
2020-21,MIA,64,33.5,99.0,1.0,75.9,12.0,0.5,6.3,23.6,15.0,63.8,65.6,34.4,100.0,0.0,65.8,34.2,Bam Adebayo,79
2019-20,MIA,72,33.6,98.2,1.8,76.4,3.7,0.5,6.3,23.1,11.9,72.8,71.5,28.5,50.0,50.0,71.4,28.6,Bam Adebayo,79
2018-19,MIA,82,23.3,96.9,3.1,76.0,4.4,1.2,10.0,22.8,17.4,71.6,70.0,30.0,66.7,33.3,70.0,30.0,Bam Adebayo,79
2017-18,MIA,69,19.8,97.9,2.1,73.0,4.6,0.0,7.8,27.0,12.2,68.3,70.1,29.9,0.0,0.0,70.1,29.9,Bam Adebayo,79
2024-25,IND,37,33.0,67.6,32.4,51.2,6.2,26.7,24.5,22.1,17.3,45.1,58.2,41.8,72.7,27.3,62.0,38.0,Bennedict Mathurin,74
2023-24,IND,59,26.1,67.7,32.3,50.5,8.2,28.0,15.9,21.5,17.2,42.3,58.3,41.7,75.0,25.0,62.8,37.2,Bennedict Mathurin,74
2022-23,IND,78,28.5,67.4,32.6,48.1,5.2,23.0,21.3,28.9,15.8,42.9,60.1,39.9,74.0,26.0,63.4,36.6,Bennedict Mathurin,74
2024-25,PHX,25,33.1,61.8,38.2,54.5,11.7,36.5,13.5,9.0,16.7,42.8,54.5,45.5,85.2,14.8,64.0,36.0,Bradley Beal,66
2023-24,PHX,53,33.3,68.0,32.0,57.3,12.9,31.4,9.9,11.3,17.7,44.4,44.2,55.8,86.1,13.9,55.4,44.6,Bradley Beal,66
2022-23,WAS,50,33.5,75.1,24.9,62.8,17.2,20.7,6.4,16.5,10.3,45.5,40.1,59.9,71.3,28.8,45.7,54.3,Bradley Beal,66
2021-22,WAS,40,36.0,72.8,27.2,61.4,17.0,20.4,9.1,18.2,12.8,44.4,36.5,63.5,60.3,39.7,40.8,59.2,Bradley Beal,66
2020-21,WAS,60,35.8,73.0,27.0,57.5,16.8,20.8,7.1,21.7,13.5,40.7,43.0,57.0,72.3,27.7,48.7,51.3,Bradley Beal,66
2019-20,WAS,57,36.0,63.1,36.9,48.6,12.9,29.3,11.0,22.1,14.2,35.7,37.6,62.4,63.5,36.5,45.0,55.0,Bradley Beal,66
2018-19,WAS,82,36.9,63.0,37.0,52.9,14.0,29.9,13.7,17.2,14.2,38.9,42.5,57.5,71.8,28.2,50.5,49.5,Bradley Beal,66
2017-18,WAS,82,36.3,64.3,35.7,52.1,20.0,32.1,10.9,15.8,16.9,32.1,35.5,64.5,78.4,21.6,48.0,52.0,Bradley Beal,66
2016-17,WAS,77,34.9,58.2,41.8,46.5,15.2,37.6,15.1,15.9,14.7,31.4,48.6,51.4,80.7,19.3,59.8,40.2,Bradley Beal,66
2015-16,WAS,55,31.1,66.1,33.9,53.0,16.9,32.9,16.3,14.1,14.4,36.1,42.9,57.1,80.0,20.0,53.8,46.2,Bradley Beal,66
2014-15,WAS,63,33.5,69.6,30.4,53.4,22.2,33.1,20.1,13.5,16.3,31.2,55.3,44.7,85.8,14.2,64.2,35.8,Bradley Beal,66
2013-14,WAS,73,34.7,70.1,29.9,54.9,30.9,33.1,18.3,12.0,17.3,24.0,51.3,48.7,94.2,5.8,63.6,36.4,Bradley Beal,66
2012-13,WAS,56,31.2,65.6,34.4,49.0,24.9,35.0,22.1,16.0,16.7,24.1,64.4,35.6,94.5,5.5,74.1,25.9,Bradley Beal,66
2024-25,NOP,18,33.1,65.5,34.5,56.0,23.0,32.3,9.8,11.7,9.3,33.0,40.2,59.8,83.7,16.3,52.3,47.7,Brandon Ingram,31
2023-24,NOP,64,32.9,76.2,23.8,62.2,25.2,19.4,7.8,18.4,13.5,36.9,41.5,58.5,77.9,22.1,47.8,52.2,Brandon Ingram,31
2022-23,NOP,45,34.2,80.4,19.6,61.2,23.6,17.3,9.7,21.5,15.0,37.6,38.5,61.5,81.3,18.8,45.3,54.7,Brandon Ingram,31
2021-22,NOP,55,34.0,77.0,23.0,60.8,30.5,17.8,8.4,21.4,13.3,30.3,40.1,59.9,89.2,10.8,48.1,51.9,Brandon Ingram,31
2020-21,NOP,61,34.3,65.9,34.1,51.0,23.4,29.6,8.3,19.4,10.9,27.6,36.8,63.2,79.0,21.0,48.5,51.5,Brandon Ingram,31
2019-20,NOP,62,33.9,65.0,35.0,48.3,14.1,30.5,13.4,21.2,13.1,34.3,31.7,68.3,88.7,11.3,48.5,51.5,Brandon Ingram,31
2018-19,LAL,52,33.9,87.1,12.9,69.7,14.7,9.8,17.7,20.5,11.6,54.9,36.3,63.7,90.3,9.7,40.9,59.1,Brandon Ingram,31
2017-18,LAL,59,33.5,86.2,13.8,66.8,19.2,13.0,15.3,20.2,15.0,47.6,36.3,63.7,95.1,4.9,43.0,57.0,Brandon Ingram,31
2016-17,LAL,79,28.9,72.7,27.3,59.7,18.4,22.3,10.8,18.0,18.4,41.4,36.2,63.8,98.2,1.8,48.6,51.4,Brandon Ingram,31
2024-25,CHA,25,34.3,39.8,60.2,32.5,4.2,55.6,14.6,11.9,12.5,28.4,52.3,47.7,80.6,19.4,67.4,32.6,Brandon M,37
2023-24,CHA,74,32.2,54.5,45.5,45.7,14.1,43.2,15.2,11.1,13.8,31.6,49.3,50.7,90.8,9.2,65.3,34.7,Brandon M,37
2024-25,DET,29,35.9,66.8,33.2,54.2,8.7,30.9,8.4,14.9,13.6,45.5,22.5,77.5,59.2,40.8,32.6,67.4,Cade Cunningham,24
2023-24,DET,62,33.5,71.3,28.7,57.7,17.2,25.4,8.5,16.9,10.4,40.4,26.2,73.8,70.6,29.4,36.3,63.7,Cade Cunningham,24
2022-23,DET,12,33.3,72.8,27.2,63.6,22.6,21.3,5.9,15.1,12.6,41.0,15.8,84.2,58.8,41.2,23.7,76.3,Cade Cunningham,24
2021-22,DET,64,32.6,64.8,35.2,56.6,10.2,30.7,6.6,12.7,14.5,46.3,23.5,76.5,71.1,28.9,36.1,63.9,Cade Cunningham,24
2024-25,BKN,32,32.6,41.4,58.6,31.7,5.1,50.5,16.3,17.8,20.0,26.6,57.6,42.4,90.5,9.5,74.5,25.5,Cameron Johnson,51
2023-24,BKN,58,27.6,43.0,57.0,35.6,5.7,53.4,15.7,11.0,14.0,29.9,60.1,39.9,95.7,4.3,77.9,22.1,Cameron Johnson,51
2022-23,TOT,42,28.6,46.2,53.8,36.9,9.2,47.5,14.5,15.6,18.6,27.7,60.0,40.0,97.1,2.9,77.1,22.9,Cameron Johnson,51
2022-23,BKN,25,30.8,48.2,51.8,40.1,11.1,42.0,14.0,17.9,16.7,29.0,56.6,43.4,98.3,1.7,73.8,26.2,Cameron Johnson,51
2022-23,PHX,17,25.3,42.8,57.2,31.4,5.9,57.2,15.3,11.4,22.0,25.4,67.6,32.4,95.6,4.4,82.9,17.1,Cameron Johnson,51
2021-22,PHX,66,26.2,35.6,64.4,27.5,1.9,60.6,15.2,11.9,17.2,25.5,67.3,32.7,97.6,2.4,85.3,14.7,Cameron Johnson,51
2020-21,PHX,60,24.0,30.6,69.4,30.0,5.6,61.3,16.2,8.7,14.3,24.4,83.7,16.3,98.3,1.7,92.1,7.9,Cameron Johnson,51
2019-20,PHX,57,22.0,32.8,67.2,27.8,5.6,63.1,19.8,9.1,17.7,22.2,74.3,25.7,99.1,0.9,89.2,10.8,Cameron Johnson,51
2024-25,BKN,18,32.9,57.8,42.2,40.9,13.5,35.1,5.8,24.0,15.1,27.4,51.6,48.4,51.9,48.1,51.7,48.3,Cam Thomas,18
2023-24,BKN,66,31.4,66.7,33.3,51.6,15.9,29.1,9.7,19.3,9.9,35.6,43.2,56.8,67.4,32.6,49.8,50.2,Cam Thomas,18
2022-23,BKN,57,16.6,70.8,29.2,49.7,15.6,25.3,8.6,25.0,18.5,34.1,32.7,67.3,45.1,54.9,35.8,64.2,Cam Thomas,18
2021-22,BKN,67,17.6,65.4,34.6,60.0,25.3,24.7,13.0,15.3,13.5,34.7,41.5,58.5,70.2,29.8,47.7,52.3,Cam Thomas,18
2024-25,OKC,10,26.5,66.7,33.3,51.2,6.1,25.6,11.0,23.2,17.7,45.1,66.7,33.3,100.0,0.0,75.0,25.0,Chet Holmgren,77
2023-24,OKC,82,29.4,63.4,36.6,55.4,4.6,28.5,8.4,16.1,13.6,50.8,65.2,34.8,97.7,2.3,73.5,26.5,Chet Holmgren,77
2024-25,NOP,23,33.7,54.8,45.2,48.0,8.8,42.3,11.8,9.7,18.3,39.2,42.9,57.1,74.3,25.7,54.5,45.5,CJ McCollum,36
2023-24,NOP,66,32.7,47.2,52.8,37.1,8.8,54.2,16.7,8.7,15.4,28.3,39.2,60.8,74.1,25.9,56.4,43.6,CJ McCollum,36
2022-23,NOP,75,35.3,59.6,40.4,48.0,14.8,40.4,12.6,11.6,10.7,33.2,30.3,69.7,75.8,24.2,46.7,53.3,CJ McCollum,36
2021-22,TOT,62,34.6,59.7,40.3,51.7,18.7,39.9,11.9,8.4,11.6,33.0,25.4,74.6,65.9,34.1,39.2,60.8,CJ McCollum,36
2021-22,NOP,26,33.8,63.9,36.1,55.5,20.9,33.8,14.3,10.7,11.6,34.5,28.6,71.4,66.2,33.8,39.4,60.6,CJ McCollum,36
2021-22,POR,36,35.2,56.5,43.5,48.4,16.8,45.1,9.9,6.5,11.6,31.7,22.3,77.7,65.8,34.2,39.0,61.0,CJ McCollum,36
2020-21,POR,47,34.0,52.5,47.5,43.4,17.1,46.6,10.6,10.0,12.1,26.3,30.1,69.9,61.5,38.5,43.2,56.8,CJ McCollum,36
2019-20,POR,70,36.5,62.2,37.8,53.6,19.5,37.4,14.2,9.0,12.5,34.1,22.3,77.7,66.5,33.5,36.3,63.7,CJ McCollum,36
2018-19,POR,70,33.9,64.2,35.8,55.0,21.8,34.1,12.9,10.9,12.0,33.2,35.6,64.4,73.1,26.9,46.6,53.4,CJ McCollum,36
2017-18,POR,81,36.1,68.4,31.6,55.2,21.8,32.7,9.5,12.1,13.2,33.4,21.8,78.2,62.4,37.6,33.3,66.7,CJ McCollum,36
2016-17,POR,80,34.9,69.5,30.5,55.2,25.0,30.2,9.7,14.6,12.3,30.2,26.0,74.0,74.1,25.9,38.9,61.1,CJ McCollum,36
2015-16,POR,80,34.7,67.0,33.0,53.3,24.7,35.5,10.4,11.2,14.9,28.6,20.3,79.7,72.1,27.9,36.2,63.8,CJ McCollum,36
2014-15,POR,62,15.7,61.9,38.1,49.1,20.3,38.9,16.7,12.0,19.8,28.8,28.8,71.2,85.5,14.5,48.4,51.6,CJ McCollum,36
2013-14,POR,38,12.5,55.1,44.9,43.8,17.9,44.8,11.9,11.4,17.4,25.9,36.4,63.6,90.0,10.0,58.1,41.9,CJ McCollum,36
2024-25,UTA,34,28.5,64.7,35.3,49.5,5.0,33.9,15.3,16.6,12.8,44.5,37.6,62.4,64.7,35.3,46.1,53.9,Collin Sexton,67
2023-24,UTA,78,26.6,68.7,31.3,51.9,4.9,26.3,17.8,21.8,15.8,46.9,41.8,58.2,80.5,19.5,51.6,48.4,Collin Sexton,67
2022-23,UTA,48,23.9,73.9,26.1,55.2,5.8,21.0,11.7,23.8,15.5,49.3,32.8,67.2,72.9,27.1,40.9,59.1,Collin Sexton,67
2021-22,CLE,11,28.8,70.2,29.8,64.8,8.0,18.8,18.8,16.4,18.2,56.8,42.1,57.9,81.8,18.2,48.5,51.5,Collin Sexton,67
2020-21,CLE,60,35.3,76.1,23.9,58.5,7.7,20.1,12.9,21.4,16.0,50.8,42.2,57.8,68.4,31.6,47.0,53.0,Collin Sexton,67
2019-20,CLE,65,33.0,76.5,23.5,61.7,9.8,21.6,15.5,16.7,13.9,51.9,29.3,70.7,74.2,25.8,37.8,62.2,Collin Sexton,67
2018-19,CLE,82,31.8,75.5,24.5,58.4,21.2,26.0,14.9,15.6,13.6,37.2,31.8,68.3,63.9,36.1,39.1,60.9,Collin Sexton,67
2024-25,MIL,24,36.3,46.9,53.1,34.1,9.3,40.7,7.6,25.2,7.9,24.8,14.6,85.4,48.8,51.2,29.7,70.3,Damian Lillard,14
2023-24,MIL,73,35.3,51.3,48.7,36.2,8.2,37.2,7.5,26.6,10.5,27.9,19.6,80.4,50.9,49.1,32.3,67.7,Damian Lillard,14
2022-23,POR,58,36.3,45.3,54.7,33.4,6.0,39.2,8.6,27.4,11.9,27.4,15.7,84.3,51.6,48.4,31.5,68.5,Damian Lillard,14
2021-22,POR,29,36.4,48.6,51.4,37.4,10.9,39.7,7.9,22.9,11.5,26.5,19.2,80.8,44.6,55.4,29.7,70.3,Damian Lillard,14
2020-21,POR,67,35.8,47.2,52.8,33.9,7.5,42.8,8.4,23.3,12.0,26.5,17.7,82.3,39.3,60.7,27.6,72.4,Damian Lillard,14
2019-20,POR,66,37.5,50.0,50.0,35.8,6.6,41.0,8.2,23.2,10.1,29.2,9.9,90.1,28.9,71.1,18.1,81.9,Damian Lillard,14
2018-19,POR,80,35.5,58.1,41.9,43.0,12.7,34.4,10.2,22.6,13.4,30.3,19.4,80.6,46.0,54.0,28.6,71.4,Damian Lillard,14
2017-18,POR,73,36.6,55.5,44.5,40.2,11.6,34.7,8.1,25.1,12.8,28.5,18.0,82.0,43.6,56.4,27.4,72.6,Damian Lillard,14
2016-17,POR,75,35.9,61.1,38.9,44.2,12.4,31.7,9.4,24.1,13.0,31.8,23.5,76.5,49.5,50.5,31.9,68.1,Damian Lillard,14
2015-16,POR,75,35.7,58.6,41.4,41.4,13.1,36.6,8.0,22.0,11.0,28.3,20.3,79.7,47.2,52.8,30.3,69.7,Damian Lillard,14
2014-15,POR,82,35.7,57.9,42.1,45.8,11.7,34.2,11.1,20.0,13.4,34.1,24.1,75.9,51.0,49.0,33.1,66.9,Damian Lillard,14
2013-14,POR,82,35.8,57.5,42.5,39.5,11.0,38.6,10.4,21.9,14.6,28.6,26.9,73.1,59.6,40.4,39.8,60.2,Damian Lillard,14
2012-13,POR,82,38.6,60.9,39.1,47.1,19.0,35.5,10.7,17.4,16.0,28.2,23.6,76.4,53.5,46.5,33.6,66.4,Damian Lillard,14
2024-25,CLE,34,30.0,54.1,45.9,43.0,9.8,43.0,13.8,14.0,17.4,33.3,33.3,66.7,60.0,40.0,44.0,56.0,Darius Garland,44
2023-24,CLE,57,33.3,57.7,42.3,47.3,9.9,38.5,12.5,14.2,13.3,37.4,34.6,65.4,65.2,34.8,45.3,54.7,Darius Garland,44
2022-23,CLE,69,35.5,63.5,36.5,47.4,11.1,34.0,9.9,18.6,18.6,36.2,28.6,71.4,58.0,42.0,38.1,61.9,Darius Garland,44
2021-22,CLE,68,35.7,61.3,38.7,50.0,14.0,35.4,8.6,14.6,14.1,36.0,26.1,73.9,48.9,51.1,33.4,66.6,Darius Garland,44
2020-21,CLE,54,33.1,66.8,33.2,54.6,8.5,33.5,11.2,11.9,15.2,46.1,30.7,69.3,70.5,29.5,42.3,57.7,Darius Garland,44
2019-20,CLE,59,30.9,57.7,42.3,48.1,15.9,43.3,8.9,8.6,14.0,32.1,28.0,72.0,73.3,26.7,45.0,55.0,Darius Garland,44
2024-25,SAC,34,37.2,69.0,31.0,58.9,10.3,23.1,11.8,18.0,15.8,48.6,28.4,71.6,58.6,41.4,34.6,65.4,Deaaron Fox,9
2023-24,SAC,74,35.9,62.6,37.4,51.5,8.3,32.7,13.9,15.8,15.3,43.1,19.8,80.2,62.6,37.4,32.5,67.5,Deaaron Fox,9
2022-23,SAC,73,33.4,72.4,27.6,61.7,13.0,19.6,13.3,18.7,11.2,48.6,16.0,84.0,61.3,38.7,23.9,76.1,Deaaron Fox,9
2021-22,SAC,59,35.3,77.2,22.8,64.7,14.3,16.2,11.9,19.1,11.3,50.3,21.5,78.5,55.4,44.6,26.4,73.6,Deaaron Fox,9
2020-21,SAC,58,35.1,71.2,28.8,58.3,9.2,21.1,13.5,20.6,15.1,49.1,16.0,84.0,52.4,47.6,23.1,76.9,Deaaron Fox,9
2019-20,SAC,51,32.0,77.3,22.7,62.6,7.8,15.0,16.8,22.4,15.7,54.8,14.5,85.5,61.1,38.9,21.0,79.0,Deaaron Fox,9
2018-19,SAC,81,31.4,78.9,21.1,59.9,11.6,18.4,24.9,21.7,23.2,48.3,17.2,82.8,52.3,47.7,23.2,76.8,Deaaron Fox,9
2017-18,SAC,73,27.7,80.8,19.2,66.6,20.1,16.7,18.8,16.7,16.4,46.4,21.7,78.3,61.7,38.3,27.4,72.6,Deaaron Fox,9
2024-25,POR,26,30.5,90.8,9.2,90.3,15.1,4.8,4.8,4.9,15.9,75.3,72.6,27.4,100.0,0.0,73.6,26.4,Deandre Ayton,95
2023-24,POR,55,32.4,98.7,1.3,92.6,23.7,0.3,5.1,7.1,13.9,68.9,74.9,25.1,100.0,0.0,74.9,25.1,Deandre Ayton,95
2022-23,PHX,67,30.4,97.3,2.7,85.6,12.3,1.7,3.1,12.7,15.7,73.3,79.2,20.8,85.7,14.3,79.3,20.7,Deandre Ayton,95
2021-22,PHX,58,29.5,97.3,2.7,87.3,10.4,2.1,3.7,10.6,13.0,76.8,80.9,19.1,100.0,0.0,81.2,18.8,Deandre Ayton,95
2020-21,PHX,69,30.6,97.1,2.9,85.5,8.0,1.2,5.4,13.3,13.2,77.4,71.4,28.6,100.0,0.0,71.6,28.4,Deandre Ayton,95
2019-20,PHX,38,32.5,97.7,2.3,89.0,14.8,1.3,9.1,9.7,15.7,74.2,74.6,25.4,100.0,0.0,74.8,25.2,Deandre Ayton,95
2018-19,PHX,71,30.7,99.5,0.5,87.8,15.7,0.0,5.4,12.2,13.9,72.1,71.1,28.9,0.0,0.0,71.1,28.9,Deandre Ayton,95
2024-25,ATL,25,27.9,53.3,46.7,37.6,7.3,41.2,16.2,21.2,17.4,30.3,68.8,31.2,94.1,5.9,79.5,20.5,Deandre Hunter,42
2023-24,ATL,57,29.5,54.1,45.9,42.0,12.3,39.4,9.2,18.6,13.7,29.6,67.4,32.6,90.6,9.4,76.3,23.7,Deandre Hunter,42
2022-23,ATL,67,31.7,65.2,34.8,54.2,20.8,29.2,13.3,16.6,14.9,33.4,58.8,41.2,91.0,9.0,67.3,32.7,Deandre Hunter,42
2021-22,ATL,53,29.8,66.1,33.9,50.8,11.8,31.3,10.3,17.9,15.0,38.9,66.1,33.9,93.2,6.8,74.0,26.0,Deandre Hunter,42
2020-21,ATL,23,29.5,61.7,38.3,51.7,14.5,27.0,7.3,21.3,13.1,37.2,62.9,37.1,90.3,9.7,70.0,30.0,Deandre Hunter,42
2019-20,ATL,63,32.0,55.5,44.5,44.2,11.8,41.6,13.4,14.2,13.0,32.4,56.4,43.6,94.4,5.6,71.1,28.9,Deandre Hunter,42
2024-25,NOP,20,33.7,67.1,32.9,59.0,13.0,24.2,18.3,16.8,18.9,46.0,27.4,72.6,65.4,34.6,35.5,64.5,Dejounte Murray,81
2023-24,ATL,78,35.7,62.1,37.9,53.7,14.6,34.4,11.8,11.9,13.4,39.1,26.1,73.9,70.6,29.4,39.4,60.6,Dejounte Murray,81
2022-23,ATL,74,36.4,70.7,29.3,63.2,22.0,26.3,11.7,10.5,15.0,41.2,19.4,80.6,72.9,27.1,31.0,69.0,Dejounte Murray,81
2021-22,SAS,68,34.8,76.3,23.7,66.3,18.6,20.0,13.7,13.7,15.0,47.7,18.9,81.1,69.8,30.2,27.4,72.6,Dejounte Murray,81
2020-21,SAS,67,31.9,79.6,20.4,71.9,26.1,18.0,15.6,10.1,14.9,45.9,27.5,72.5,85.7,14.3,35.8,64.2,Dejounte Murray,81
2019-20,SAS,66,25.6,82.6,17.4,70.3,24.4,17.1,19.2,12.6,17.2,45.8,28.1,71.9,97.6,2.4,37.8,62.2,Dejounte Murray,81
2017-18,SAS,81,21.5,94.4,5.6,79.8,14.7,4.1,19.1,16.1,18.3,65.1,32.6,67.4,100.0,0.0,34.8,65.2,Dejounte Murray,81
2016-17,SAS,38,8.5,80.2,19.8,63.1,3.1,20.8,16.9,16.1,20.0,60.0,41.5,58.5,88.9,11.1,50.0,50.0,Dejounte Murray,81
2024-25,SAC,32,35.4,85.4,14.6,67.8,38.1,10.3,4.9,21.9,11.4,29.7,40.3,59.7,87.0,13.0,44.6,55.4,Demar Derozan,43
2023-24,CHI,79,37.8,83.4,16.6,60.6,24.9,11.9,3.7,27.5,13.3,35.7,28.2,71.8,85.3,14.7,34.8,65.2,Demar Derozan,43
2022-23,CHI,74,36.2,89.1,10.9,67.3,35.0,7.6,4.7,25.1,13.4,32.3,24.4,75.6,84.8,15.2,28.6,71.4,Demar Derozan,43
2021-22,CHI,76,36.1,90.7,9.3,68.4,32.9,7.1,5.4,24.5,12.4,35.5,21.7,78.3,90.0,10.0,26.1,73.9,Demar Derozan,43
2020-21,SAS,61,33.7,92.0,8.0,66.3,23.7,4.3,7.6,29.4,12.7,42.6,24.8,75.2,94.7,5.3,27.7,72.3,Demar Derozan,43
2019-20,SAS,68,34.1,96.7,3.3,72.9,22.6,1.8,8.8,25.3,12.5,50.3,27.0,73.0,88.9,11.1,28.0,72.0,Demar Derozan,43
2018-19,SAS,77,34.9,96.6,3.4,76.3,27.4,1.3,6.8,22.4,11.7,48.9,27.6,72.4,100.0,0.0,28.4,71.6,Demar Derozan,43
2017-18,TOR,80,33.9,79.7,20.3,60.4,23.3,14.5,9.1,25.1,15.5,37.2,26.3,73.7,67.4,32.6,31.9,68.1,Demar Derozan,43
2016-17,TOR,74,35.4,92.0,8.0,68.1,30.5,4.9,9.3,27.0,12.8,37.6,18.8,81.3,84.8,15.2,21.8,78.2,Demar Derozan,43
2015-16,TOR,78,35.9,89.9,10.1,62.0,23.1,7.7,7.7,30.3,13.1,38.9,25.2,74.8,83.0,17.0,29.6,70.4,Demar Derozan,43
2014-15,TOR,60,35.0,91.1,8.9,63.8,30.2,6.2,10.2,30.0,16.4,33.6,41.7,58.3,96.0,4.0,45.0,55.0,Demar Derozan,43
2013-14,TOR,79,38.2,85.1,14.9,60.3,31.9,10.7,9.1,29.0,17.7,28.4,46.5,53.5,84.4,15.6,50.5,49.5,Demar Derozan,43
2012-13,TOR,82,36.7,90.3,9.7,69.2,35.7,6.9,12.2,23.9,18.7,33.5,52.7,47.3,88.2,11.8,54.9,45.1,Demar Derozan,43
2011-12,TOR,63,35.0,89.8,10.2,67.7,30.6,6.8,15.7,25.5,18.9,37.2,63.0,37.0,79.2,20.8,64.0,36.0,Demar Derozan,43
2010-11,TOR,82,34.8,95.5,4.5,75.7,31.6,1.1,19.3,23.2,17.2,44.1,59.4,40.6,60.0,40.0,59.4,40.6,Demar Derozan,43
2009-10,TOR,77,21.6,96.9,3.1,75.8,22.1,1.8,25.5,22.4,19.0,53.8,67.3,32.7,100.0,0.0,67.8,32.2,Demar Derozan,43
2024-25,TOT,34,31.7,53.9,46.1,42.0,13.3,40.9,6.6,17.1,11.7,28.8,23.4,76.6,69.4,30.6,41.5,58.5,Dennis Smith Jr.,85
2024-25,GSW,11,27.9,53.9,46.1,42.3,17.3,40.4,4.8,17.3,1.9,25.0,27.3,72.7,78.6,21.4,47.2,52.8,Dennis Smith Jr.,85
2024-25,BKN,23,33.6,53.8,46.2,42.0,12.3,41.0,7.1,17.0,14.2,29.7,22.5,77.5,67.2,32.8,40.1,59.9,Dennis Smith Jr.,85
2023-24,TOT,80,31.1,60.3,39.7,47.2,13.0,36.9,6.9,15.9,13.0,34.2,33.2,66.8,81.2,18.8,49.6,50.4,Dennis Smith Jr.,85
2023-24,BKN,29,32.0,59.8,40.2,44.8,7.1,43.2,5.9,12.0,12.5,37.7,22.1,77.9,67.2,32.8,39.7,60.3,Dennis Smith Jr.,85
2023-24,TOR,51,30.6,60.6,39.4,48.7,16.6,33.1,7.4,18.2,13.3,32.1,39.4,60.6,92.2,7.8,55.9,44.1,Dennis Smith Jr.,85
2022-23,LAL,66,30.1,65.4,34.6,47.2,13.3,26.7,9.0,26.1,9.2,34.0,24.5,75.5,90.5,9.5,42.6,57.4,Dennis Smith Jr.,85
2021-22,TOT,64,28.7,65.5,34.5,52.1,13.6,29.8,8.3,18.1,17.0,38.5,26.5,73.5,72.1,27.9,39.1,60.9,Dennis Smith Jr.,85
2021-22,HOU,15,27.0,58.6,41.4,44.2,14.7,35.0,14.7,20.8,16.0,29.4,13.9,86.1,68.4,31.6,32.7,67.3,Dennis Smith Jr.,85
2021-22,BOS,49,29.2,67.1,32.9,54.0,13.4,28.6,6.8,17.4,17.2,40.6,28.9,71.1,73.1,26.9,40.5,59.5,Dennis Smith Jr.,85
2020-21,LAL,61,32.1,72.1,27.9,55.5,15.5,22.6,7.4,21.9,12.1,40.0,31.8,68.2,88.7,11.3,44.0,56.0,Dennis Smith Jr.,85
2019-20,OKC,65,30.8,66.3,33.7,53.4,19.0,30.5,9.0,16.1,17.9,34.3,35.7,64.3,84.0,16.0,49.0,51.0,Dennis Smith Jr.,85
2018-19,OKC,79,29.3,67.0,33.0,54.4,16.2,30.4,15.8,15.2,14.5,38.2,16.5,83.5,79.8,20.2,33.7,66.3,Dennis Smith Jr.,85
2017-18,ATL,67,31.0,77.1,22.9,65.2,23.8,17.5,7.9,17.3,18.9,41.4,19.3,80.7,56.6,43.4,25.0,75.0,Dennis Smith Jr.,85
2016-17,ATL,79,31.5,75.8,24.2,63.4,19.2,21.2,10.3,15.4,16.5,44.1,21.0,79.0,67.0,33.0,29.4,70.6,Dennis Smith Jr.,85
2015-16,ATL,80,20.3,69.4,30.6,57.3,16.8,26.3,9.8,16.4,17.4,40.5,23.0,77.0,72.7,27.3,34.7,65.3,Dennis Smith Jr.,85
2014-15,ATL,77,19.7,77.7,22.3,60.4,14.1,20.3,7.4,19.3,16.0,46.4,20.7,79.3,67.3,32.7,29.2,70.8,Dennis Smith Jr.,85
2013-14,ATL,49,13.1,77.7,22.3,67.8,13.1,16.4,14.8,15.8,17.5,54.6,33.9,66.1,90.0,10.0,41.7,58.3,Dennis Smith Jr.,85
2024-25,BOS,35,34.3,30.3,69.7,27.4,3.3,62.6,10.4,10.0,12.7,24.0,51.2,48.8,82.4,17.6,70.0,30.0,Derrick White,71
2023-24,BOS,73,32.6,41.0,59.0,34.5,3.3,53.1,12.5,12.4,11.8,31.3,41.9,58.1,80.1,19.9,61.2,38.8,Derrick White,71
2022-23,BOS,82,28.3,48.4,51.6,39.5,2.9,44.0,11.6,16.5,13.9,36.6,50.2,49.8,89.9,10.1,67.1,32.9,Derrick White,71
2021-22,TOT,75,29.3,53.9,46.1,44.8,5.2,34.8,13.5,20.4,12.3,39.5,40.1,59.9,83.5,16.5,54.9,45.1,Derrick White,71
2021-22,BOS,26,27.4,51.7,48.3,42.0,3.5,35.7,11.9,22.3,9.8,38.5,51.7,48.3,88.2,11.8,64.9,35.1,Derrick White,71
2021-22,SAS,49,30.3,54.7,45.3,45.9,5.9,34.4,14.2,19.7,13.3,39.9,35.8,64.2,81.5,18.5,51.0,49.0,Derrick White,71
2020-21,SAS,36,29.5,46.4,53.6,36.9,4.3,45.6,9.8,17.5,14.8,32.5,48.0,52.0,86.9,13.1,65.6,34.4,Derrick White,71
2019-20,SAS,68,24.7,60.9,39.1,45.5,5.8,31.0,13.6,23.5,10.7,39.7,38.5,61.5,81.0,19.0,51.8,48.2,Derrick White,71
2018-19,SAS,67,25.8,73.8,26.2,64.0,15.7,21.7,12.2,14.3,14.2,48.3,42.9,57.1,83.3,16.7,50.4,49.6,Derrick White,71
2017-18,SAS,17,8.2,60.6,39.4,29.6,7.4,44.4,7.4,26.0,14.8,22.2,25.0,75.0,62.5,37.5,43.8,56.3,Derrick White,71
2024-25,MEM,28,29.0,55.7,44.3,49.7,9.4,36.6,23.6,13.7,14.3,40.3,44.8,55.2,78.9,21.1,56.1,43.9,Desmond Bane,73
2023-24,MEM,42,34.4,53.6,46.4,44.7,8.4,41.2,16.2,14.1,17.4,36.3,40.4,59.6,61.3,38.7,48.3,51.7,Desmond Bane,73
2022-23,MEM,58,31.7,56.7,43.3,45.5,6.6,39.9,22.5,14.6,18.0,39.0,52.1,47.9,72.9,27.1,59.8,40.2,Desmond Bane,73
2021-22,MEM,76,29.8,52.5,47.5,40.5,11.0,49.4,18.9,10.1,14.8,29.5,59.6,40.4,83.3,16.7,70.3,29.7,Desmond Bane,73
2020-21,MEM,68,22.3,45.7,54.3,37.4,6.1,56.2,19.5,6.4,19.4,31.4,70.9,29.1,93.2,6.8,82.1,17.9,Desmond Bane,73
2024-25,PHX,27,36.3,57.7,42.3,41.9,15.0,31.9,15.1,26.2,16.3,26.9,42.9,57.1,76.1,23.9,54.0,46.0,Devin Booker,17
2023-24,PHX,68,36.0,68.0,32.0,53.2,20.0,24.8,13.9,22.0,11.4,33.2,37.3,62.7,61.2,38.8,43.0,57.0,Devin Booker,17
2022-23,PHX,53,34.6,70.4,29.6,56.6,20.8,22.6,13.2,20.8,14.3,35.8,38.7,61.3,68.5,31.5,45.0,55.0,Devin Booker,17
2021-22,PHX,68,34.5,66.4,33.6,52.6,23.8,30.1,15.3,17.3,17.3,28.8,39.9,60.1,63.4,36.6,46.4,53.6,Devin Booker,17
2020-21,PHX,67,33.9,71.2,28.8,58.1,19.7,22.1,13.9,19.8,13.4,38.3,39.4,60.6,65.9,34.1,44.8,55.2,Devin Booker,17
2019-20,PHX,70,35.9,69.0,31.0,52.2,16.4,22.7,15.0,25.1,16.2,35.7,41.6,58.4,61.0,39.0,45.9,54.1,Devin Booker,17
2018-19,PHX,64,35.0,67.0,33.0,53.1,15.4,23.8,16.2,23.1,13.8,37.6,29.5,70.5,57.8,42.2,36.0,64.0,Devin Booker,17
2017-18,PHX,54,34.5,63.6,36.4,45.8,18.9,32.8,13.7,21.4,10.3,26.9,33.8,66.2,61.2,38.8,42.6,57.4,Devin Booker,17
2016-17,PHX,78,35.0,71.7,28.3,53.2,22.9,25.6,22.4,21.2,18.0,30.2,33.3,66.7,76.2,23.8,43.7,56.3,Devin Booker,17
2015-16,PHX,76,27.7,66.7,33.3,51.1,19.7,28.3,21.0,20.6,17.4,31.5,45.5,54.5,78.8,21.2,54.5,45.5,Devin Booker,17
2024-25,SAS,21,28.8,57.1,42.9,50.6,21.0,38.0,19.8,11.4,15.4,29.6,61.0,39.0,75.6,24.4,65.9,34.1,Devin Vassell,86
2023-24,SAS,68,33.1,57.8,42.2,50.2,15.7,37.6,15.6,12.2,11.4,34.5,60.2,39.8,83.7,16.3,68.1,31.9,Devin Vassell,86
2022-23,SAS,38,31.0,55.3,44.7,45.0,20.8,44.0,20.3,11.0,16.8,24.2,45.6,54.4,88.3,11.7,62.5,37.5,Devin Vassell,86
2021-22,SAS,71,27.3,50.3,49.7,43.3,14.4,47.1,14.7,9.6,16.5,28.9,67.2,32.8,97.1,2.9,79.8,20.2,Devin Vassell,86
2020-21,SAS,62,17.0,50.5,49.5,41.6,13.5,45.7,13.2,12.7,16.7,28.2,64.8,35.2,94.2,5.8,77.2,22.8,Devin Vassell,86
2024-25,SAC,34,35.9,82.6,17.4,68.6,4.9,15.4,7.1,16.0,17.3,63.7,64.2,35.8,100.0,0.0,68.8,31.2,Domantas Sabonis,41
2023-24,SAC,82,35.7,91.9,8.1,75.5,4.1,6.2,7.3,18.3,12.4,71.3,60.7,39.3,90.9,9.1,62.3,37.7,Domantas Sabonis,41
2022-23,SAC,79,34.6,91.2,8.8,72.3,4.6,6.2,7.2,21.5,13.7,67.7,58.1,41.9,100.0,0.0,60.3,39.7,Domantas Sabonis,41
2021-22,TOT,62,34.4,83.8,16.2,69.0,2.6,10.0,6.7,21.0,11.0,66.4,61.6,38.4,97.4,2.6,64.8,35.2,Domantas Sabonis,41
2021-22,SAC,15,33.6,91.6,8.4,76.3,4.9,4.2,6.4,19.5,15.2,71.4,60.2,39.8,75.0,25.0,60.7,39.3,Domantas Sabonis,41
2021-22,IND,47,34.7,81.1,18.9,66.7,1.8,11.8,6.9,21.5,9.7,64.9,62.2,37.8,100.0,0.0,66.2,33.8,Domantas Sabonis,41
2020-21,IND,62,36.0,82.1,17.9,68.6,4.4,12.4,9.0,19.0,15.2,64.1,60.6,39.4,96.2,3.8,64.5,35.5,Domantas Sabonis,41
2019-20,IND,62,34.8,92.1,7.9,76.9,10.8,4.4,3.9,18.7,13.9,66.1,65.1,34.9,100.0,0.0,66.4,33.6,Domantas Sabonis,41
2018-19,IND,74,24.8,97.6,2.4,77.5,9.4,2.6,4.7,19.9,15.1,68.1,65.6,34.4,100.0,0.0,66.3,33.7,Domantas Sabonis,41
2017-18,IND,74,24.5,94.4,5.6,76.0,11.6,4.5,7.1,19.5,15.7,64.3,73.7,26.3,100.0,0.0,74.7,25.3,Domantas Sabonis,41
2016-17,OKC,81,20.1,66.9,33.1,58.9,13.8,31.9,7.9,9.2,15.9,45.1,62.4,37.6,100.0,0.0,72.4,27.6,Domantas Sabonis,41
2024-25,CLE,34,31.3,48.6,51.4,37.9,11.6,49.3,15.4,12.8,14.8,26.3,24.0,76.0,56.2,43.8,38.9,61.1,Donovan Mitchell,26
2023-24,CLE,55,35.3,54.6,45.4,43.9,10.9,37.3,16.7,18.8,16.1,32.9,24.9,75.1,56.0,44.0,36.2,63.8,Donovan Mitchell,26
2022-23,CLE,68,35.8,54.7,45.3,45.2,9.2,38.2,13.0,16.6,15.0,36.0,26.0,74.0,48.2,51.8,34.0,66.0,Donovan Mitchell,26
2021-22,UTA,67,33.8,52.5,47.5,44.4,7.7,40.2,7.7,15.4,12.3,36.7,17.7,82.3,48.3,51.7,29.2,70.8,Donovan Mitchell,26
2020-21,UTA,53,33.4,57.7,42.3,42.8,10.8,38.1,8.4,19.1,10.8,32.0,15.0,85.0,50.0,50.0,28.0,72.0,Donovan Mitchell,26
2019-20,UTA,69,34.3,64.8,35.2,51.8,13.3,31.4,5.9,16.8,8.3,38.5,21.7,78.3,59.5,40.5,32.6,67.4,Donovan Mitchell,26
2018-19,UTA,77,33.7,66.1,33.9,51.7,9.2,30.8,9.7,17.5,13.9,42.5,23.7,76.3,58.0,42.0,33.4,66.6,Donovan Mitchell,26
2017-18,UTA,79,33.4,59.6,40.4,50.5,8.8,34.7,11.8,14.8,14.9,41.7,24.8,75.2,65.8,34.2,37.6,62.4,Donovan Mitchell,26
2024-25,CLE,33,30.2,78.3,21.7,65.0,1.0,18.3,9.2,16.7,17.0,64.0,67.8,32.2,89.5,10.5,71.3,28.8,Evan Mobley,56
2023-24,CLE,50,30.6,89.3,10.7,75.9,2.0,8.4,8.7,15.7,13.9,73.9,72.5,27.5,100.0,0.0,74.4,25.6,Evan Mobley,56
2022-23,CLE,79,34.4,89.2,10.8,78.8,5.6,5.2,7.4,16.0,16.1,73.1,74.0,26.0,100.0,0.0,75.0,25.0,Evan Mobley,56
2021-22,CLE,69,33.8,88.9,11.1,77.2,9.9,6.7,5.7,16.1,12.8,67.3,65.2,34.8,95.7,4.3,66.8,33.2,Evan Mobley,56
2024-25,ORL,25,33.2,66.4,33.6,55.4,4.9,25.1,14.6,19.5,17.5,50.5,51.5,48.5,60.8,39.2,53.6,46.4,Franz Wagner,19
2023-24,ORL,72,32.5,69.5,30.5,61.1,2.3,19.8,13.7,19.1,18.4,58.8,41.9,58.1,78.7,21.3,48.5,51.5,Franz Wagner,19
2022-23,ORL,80,32.6,67.8,32.2,55.5,4.4,26.3,13.4,18.2,14.7,51.0,46.4,53.6,80.0,20.0,54.4,45.6,Franz Wagner,19
2021-22,ORL,79,30.7,72.2,27.8,60.2,2.0,24.1,12.8,15.7,13.6,58.1,53.1,46.9,83.3,16.7,59.4,40.6,Franz Wagner,19
2024-25,HOU,34,35.5,43.7,56.3,37.0,12.6,49.6,17.9,13.4,15.7,24.4,23.4,76.6,58.3,41.7,39.9,60.1,Fred VanVleet,92
2023-24,HOU,73,36.8,42.4,57.6,30.9,12.8,53.6,15.5,15.5,15.7,18.1,21.9,78.1,56.8,43.2,40.7,59.3,Fred VanVleet,92
2022-23,TOR,69,36.7,45.5,54.5,34.5,10.5,46.5,15.6,19.0,14.7,24.0,18.7,81.3,59.4,40.6,38.0,62.0,Fred VanVleet,92
2021-22,TOR,65,37.9,41.5,58.5,30.3,12.4,55.0,13.7,14.7,12.9,17.9,22.5,77.5,59.5,40.5,42.8,57.2,Fred VanVleet,92
2020-21,TOR,52,36.5,45.3,54.7,32.2,8.0,51.2,13.8,16.6,18.4,24.1,30.5,69.5,66.1,33.9,48.8,51.2,Fred VanVleet,92
2019-20,TOR,54,35.7,51.6,48.4,36.3,4.0,46.0,20.5,17.7,16.9,32.4,18.5,81.5,69.2,30.8,41.7,58.3,Fred VanVleet,92
2018-19,TOR,64,27.5,50.7,49.3,38.2,10.3,47.9,19.3,13.9,14.1,28.0,28.4,71.6,75.9,24.1,50.0,50.0,Fred VanVleet,92
2017-18,TOR,76,20.0,52.1,47.9,37.8,1.5,49.4,15.5,12.8,17.4,36.3,24.2,75.8,77.8,22.2,49.1,50.9,Fred VanVleet,92
2016-17,TOR,37,7.9,73.9,26.1,52.3,15.0,30.8,15.9,16.9,27.1,37.4,25.0,75.0,81.8,18.2,41.0,59.0,Fred VanVleet,92
2024-25,MIL,25,35.0,96.5,3.5,77.1,12.5,1.5,18.8,21.4,17.1,64.5,42.0,58.0,25.0,75.0,41.8,58.2,Giannis A,1
2023-24,MIL,73,35.2,90.9,9.1,72.3,5.5,4.6,18.0,23.1,12.7,66.8,50.9,49.1,50.0,50.0,50.9,49.1,Giannis A,1
2022-23,MIL,63,32.1,86.6,13.4,67.4,7.0,7.2,17.5,25.4,12.9,60.3,41.5,58.5,61.7,38.3,42.9,57.1,Giannis A,1
2021-22,MIL,67,32.9,80.6,19.4,61.7,8.5,10.6,14.4,27.7,13.2,53.2,43.2,56.8,42.3,57.7,43.1,56.9,Giannis A,1
2020-21,MIL,61,33.0,79.9,20.1,65.1,5.9,11.7,16.6,23.2,14.7,59.2,42.8,57.2,29.9,70.1,41.4,58.6,Giannis A,1
2019-20,MIL,63,30.4,76.3,23.7,64.2,4.8,14.4,20.5,21.4,16.0,59.3,43.8,56.2,55.1,44.9,45.3,54.7,Giannis A,1
2018-19,MIL,72,32.8,83.7,16.3,67.1,4.0,7.8,16.9,25.1,14.1,63.1,47.2,52.8,67.3,32.7,48.7,51.3,Giannis A,1
2017-18,MIL,75,36.7,90.0,10.0,69.4,11.1,6.4,17.6,24.2,15.6,58.3,42.9,57.1,90.7,9.3,45.7,54.3,Giannis A,1
2016-17,MIL,80,35.6,85.7,14.3,66.3,9.3,8.0,23.4,25.7,20.6,57.0,42.0,58.0,71.4,28.6,44.2,55.8,Giannis A,1
2015-16,MIL,80,35.3,89.2,10.8,71.9,9.9,6.2,23.6,21.9,23.2,61.9,48.5,51.5,82.1,17.9,50.3,49.7,Giannis A,1
2014-15,MIL,81,31.4,94.4,5.6,73.0,15.5,2.0,24.1,25.0,20.9,57.5,51.9,48.1,85.7,14.3,52.5,47.5,Giannis A,1
2013-14,MIL,77,24.6,71.8,28.2,50.3,3.8,23.4,24.6,26.3,21.3,46.5,62.1,37.9,70.7,29.3,64.2,35.8,Giannis A,1
2024-25,TOR,30,31.7,50.6,49.4,39.1,11.2,43.0,14.9,17.9,15.9,27.9,78.2,21.8,94.6,5.4,85.1,14.9,Gradey Dickerson,70
2023-24,TOR,60,21.1,45.8,54.2,39.6,9.4,51.8,19.2,8.6,14.7,30.2,84.2,15.8,97.7,2.3,90.5,9.5,Gradey Dickerson,70
2024-25,TOR,6,27.2,56.5,43.5,42.7,9.0,37.1,12.4,20.2,6.7,33.7,57.9,42.1,54.5,45.5,56.7,43.3,Immanuel Quickley,94
2023-24,TOT,68,29.2,51.6,48.4,37.5,7.6,44.4,18.2,18.1,16.0,29.9,38.7,61.3,66.7,33.3,51.0,49.0,Immanuel Quickley,94
2023-24,TOR,38,33.3,51.5,48.5,36.5,6.2,45.5,21.0,18.0,15.7,30.3,38.0,62.0,63.6,36.4,49.6,50.4,Immanuel Quickley,94
2023-24,NYK,30,24.0,51.6,48.4,39.1,9.8,42.7,13.8,18.2,16.4,29.3,39.8,60.2,71.9,28.1,53.3,46.7,Immanuel Quickley,94
2022-23,NYK,81,28.9,51.5,48.5,41.5,6.6,41.7,13.3,16.8,15.6,34.9,26.3,73.7,72.0,28.0,44.6,55.4,Immanuel Quickley,94
2021-22,NYK,78,23.1,45.3,54.7,33.3,6.8,46.6,9.4,20.1,13.4,26.5,29.9,70.1,52.6,47.4,40.8,59.2,Immanuel Quickley,94
2020-21,NYK,64,19.4,47.8,52.2,30.4,6.6,48.4,6.8,21.2,16.0,23.8,19.8,80.2,61.0,39.0,41.0,59.0,Immanuel Quickley,94
2024-25,LAC,36,32.2,100.0,0.0,90.2,1.8,0.0,2.6,9.8,14.9,88.4,68.6,31.4,0.0,0.0,68.6,31.4,Ivica Zubac,89
2023-24,LAC,68,26.4,100.0,0.0,84.9,0.3,0.0,3.8,15.1,11.1,84.6,77.2,22.8,0.0,0.0,77.2,22.8,Ivica Zubac,89
2022-23,LAC,76,28.5,99.6,0.4,79.7,1.0,0.0,4.9,20.3,11.2,78.7,73.3,26.7,0.0,0.0,73.3,26.7,Ivica Zubac,89
2021-22,LAC,76,24.4,100.0,0.0,79.0,1.0,0.0,5.5,21.0,10.7,78.0,71.9,28.1,0.0,0.0,71.9,28.1,Ivica Zubac,89
2020-21,LAC,72,22.3,99.0,1.0,78.8,0.6,0.5,5.2,20.7,7.8,78.2,73.4,26.6,100.0,0.0,73.5,26.5,Ivica Zubac,89
2019-20,LAC,72,18.4,99.5,0.5,79.2,5.4,0.0,10.9,20.8,12.9,73.8,72.5,27.5,0.0,0.0,72.5,27.5,Ivica Zubac,89
2018-19,TOT,59,17.6,100.0,0.0,80.8,1.9,0.0,10.1,19.2,13.5,78.9,80.2,19.8,0.0,0.0,80.2,19.8,Ivica Zubac,89
2018-19,LAC,26,20.1,100.0,0.0,82.0,4.1,0.0,14.3,18.0,12.7,77.9,81.0,19.0,0.0,0.0,81.0,19.0,Ivica Zubac,89
2018-19,LAL,33,15.6,100.0,0.0,79.7,0.0,0.0,6.4,20.3,14.2,79.7,79.5,20.5,0.0,0.0,79.5,20.5,Ivica Zubac,89
2017-18,LAL,43,9.5,99.2,0.8,75.8,2.5,0.0,11.8,24.2,8.7,73.3,65.6,34.4,0.0,0.0,65.6,34.4,Ivica Zubac,89
2016-17,LAL,38,16.0,98.7,1.3,88.7,14.8,0.0,6.3,11.3,9.9,73.9,80.2,19.8,0.0,0.0,80.2,19.8,Ivica Zubac,89
2024-25,TOR,31,31.9,99.4,0.6,85.8,5.1,0.0,5.5,14.2,9.1,80.8,71.9,28.1,0.0,0.0,71.9,28.1,Jakob Poeltl,87
2023-24,TOR,50,26.4,100.0,0.0,89.4,2.9,0.0,7.2,10.6,12.1,86.5,79.8,20.2,0.0,0.0,79.8,20.2,Jakob Poeltl,87
2022-23,TOT,72,26.5,99.8,0.2,86.7,2.5,0.0,5.1,13.3,16.5,84.3,65.6,34.4,0.0,0.0,65.6,34.4,Jakob Poeltl,87
2022-23,TOR,26,27.2,100.0,0.0,88.0,4.7,0.0,5.0,12.0,19.1,83.3,74.7,25.3,0.0,0.0,74.7,25.3,Jakob Poeltl,87
2022-23,SAS,46,26.1,99.7,0.3,86.0,1.1,0.0,5.2,14.0,14.9,84.9,59.8,40.2,0.0,0.0,59.8,40.2,Jakob Poeltl,87
2021-22,SAS,68,29.0,99.8,0.2,89.4,1.7,0.3,1.5,10.3,13.1,87.7,70.2,29.8,100.0,0.0,70.2,29.8,Jakob Poeltl,87
2020-21,SAS,69,26.7,100.0,0.0,89.4,3.0,0.0,3.0,10.6,12.6,86.3,75.5,24.5,0.0,0.0,75.5,24.5,Jakob Poeltl,87
2019-20,SAS,66,17.7,100.0,0.0,89.2,2.7,0.0,10.2,10.8,12.6,86.6,75.3,24.7,0.0,0.0,75.3,24.7,Jakob Poeltl,87
2018-19,SAS,77,16.5,100.0,0.0,88.4,3.8,0.0,4.0,11.6,13.0,84.6,70.6,29.4,0.0,0.0,70.6,29.4,Jakob Poeltl,87
2017-18,TOR,82,18.6,99.5,0.5,88.9,2.1,0.5,6.7,10.6,16.6,86.8,73.0,27.0,100.0,0.0,73.1,26.9,Jakob Poeltl,87
2016-17,TOR,54,11.6,100.0,0.0,81.2,2.4,0.0,4.8,18.8,14.5,78.8,68.7,31.3,0.0,0.0,68.7,31.3,Jakob Poeltl,87
2024-25,NYK,33,34.9,64.8,35.2,48.0,9.4,29.9,10.0,22.1,13.8,38.7,21.5,78.5,48.2,51.8,29.3,70.7,Jalen Brunson,13
2023-24,NYK,77,35.4,68.1,31.9,52.4,12.1,28.6,9.2,19.0,12.3,40.2,23.0,77.0,58.3,41.7,32.4,67.6,Jalen Brunson,13
2022-23,NYK,68,35.0,73.1,26.9,55.5,12.2,24.6,7.5,19.9,11.7,43.2,16.6,83.4,57.5,42.5,25.9,74.1,Jalen Brunson,13
2021-22,DAL,79,31.9,75.0,25.0,64.1,17.4,21.9,6.5,14.0,13.1,46.7,26.2,73.8,80.9,19.1,36.4,63.6,Jalen Brunson,13
2020-21,DAL,68,25.0,68.1,31.9,57.6,12.1,28.4,12.4,14.0,13.2,45.5,23.5,76.5,86.4,13.6,39.0,61.0,Jalen Brunson,13
2019-20,DAL,57,17.9,69.1,30.9,59.2,15.5,27.7,12.7,13.1,12.4,43.8,23.9,76.1,81.4,18.6,37.6,62.4,Jalen Brunson,13
2018-19,DAL,73,21.8,68.0,32.0,59.3,10.6,27.9,13.9,12.8,10.9,48.7,33.8,66.2,76.2,23.8,43.9,56.1,Jalen Brunson,13
2024-25,ATL,32,36.4,73.1,26.9,65.8,4.4,20.8,18.3,13.4,17.6,61.4,61.2,38.8,95.5,4.5,67.2,32.8,Jalen Johnson,48
2023-24,ATL,56,33.7,71.5,28.5,64.3,3.8,23.8,17.6,11.9,17.5,60.5,70.5,29.5,97.2,2.8,75.8,24.2,Jalen Johnson,48
2022-23,ATL,70,14.9,67.7,32.3,64.8,2.5,22.8,27.6,12.4,24.8,62.3,62.5,37.5,100.0,0.0,69.6,30.4,Jalen Johnson,48
2021-22,ATL,22,5.5,68.3,31.7,73.1,0.0,17.3,15.4,9.6,21.2,73.1,78.9,21.1,100.0,0.0,81.8,18.2,Jalen Johnson,48
2024-25,OKC,35,32.5,70.4,29.6,61.7,12.8,25.8,18.5,12.5,22.2,48.9,44.1,55.9,79.0,21.0,51.8,48.2,Jalen Williams,39
2023-24,OKC,71,31.3,75.7,24.3,63.9,12.0,22.8,15.0,13.3,19.2,52.0,40.4,59.6,74.8,25.2,47.0,53.0,Jalen Williams,39
2022-23,OKC,75,30.3,74.2,25.8,64.6,4.5,20.7,13.8,14.7,20.5,60.0,41.6,58.4,90.4,9.6,50.2,49.8,Jalen Williams,39
2024-25,DEN,28,36.7,64.5,35.5,50.5,18.0,32.6,19.0,16.9,16.9,32.4,33.6,66.4,74.6,25.4,45.9,54.1,Jamal Murray,52
2023-24,DEN,59,31.5,65.4,34.6,52.6,19.0,34.8,10.2,12.6,14.1,33.6,33.7,66.3,60.0,40.0,41.8,58.2,Jamal Murray,52
2022-23,DEN,65,32.8,58.5,41.5,46.4,14.6,39.8,9.4,13.8,14.0,31.7,32.9,67.1,60.5,39.5,42.9,57.1,Jamal Murray,52
2020-21,DEN,48,35.5,60.1,39.9,48.9,18.1,38.0,12.6,13.1,20.7,30.8,33.3,66.7,58.1,41.9,41.8,58.2,Jamal Murray,52
2019-20,DEN,59,32.3,63.8,36.2,54.3,19.2,30.8,9.5,14.9,15.0,35.0,47.0,53.0,67.0,33.0,52.5,47.5,Jamal Murray,52
2018-19,DEN,75,32.6,64.7,35.3,52.8,16.7,33.4,11.4,13.8,11.9,36.1,52.6,47.4,68.4,31.6,57.3,42.7,Jamal Murray,52
2017-18,DEN,81,31.7,58.9,41.1,46.4,12.0,36.6,13.1,17.0,15.3,34.5,39.8,60.2,77.0,23.0,52.6,47.4,Jamal Murray,52
2016-17,DEN,82,21.5,52.9,47.1,44.4,11.6,42.5,11.0,13.1,13.1,32.8,48.3,51.7,71.3,28.7,57.3,42.7,Jamal Murray,52
2024-25,LAC,34,33.9,48.5,51.5,31.7,5.2,38.9,9.7,29.4,17.3,26.5,17.2,82.8,36.8,63.2,26.1,73.9,James Harden,34
2023-24,LAC,72,34.3,40.6,59.4,27.9,4.2,46.8,11.1,25.3,11.2,23.7,15.7,84.3,46.2,53.8,31.8,68.2,James Harden,34
2022-23,PHI,58,36.8,50.4,49.6,34.5,5.9,39.7,10.0,25.8,14.7,28.6,12.9,87.1,41.6,58.4,25.3,74.7,James Harden,34
2021-22,TOT,65,37.2,54.8,45.2,36.2,2.9,31.0,9.8,32.8,13.7,33.2,18.9,81.1,25.7,74.3,21.4,78.6,James Harden,34
2021-22,PHI,21,37.7,50.7,49.3,31.2,1.8,31.2,8.8,37.6,13.8,29.4,27.5,72.5,30.4,69.6,28.7,71.3,James Harden,34
2021-22,BKN,44,37.0,56.5,43.5,38.4,3.4,30.9,10.3,30.7,13.6,34.9,15.8,84.2,23.5,76.5,18.5,81.5,James Harden,34
2020-21,TOT,44,36.6,54.5,45.5,40.8,1.7,33.5,9.8,25.7,12.7,39.2,16.7,83.3,24.8,75.2,19.6,80.4,James Harden,34
2020-21,BKN,36,36.6,56.3,43.7,42.0,2.0,32.5,9.7,25.5,12.1,40.0,16.1,83.9,24.0,76.0,18.8,81.2,James Harden,34
2020-21,HOU,8,36.3,46.7,53.3,35.4,0.0,37.9,10.1,26.7,15.7,35.4,20.0,80.0,28.0,72.0,23.3,76.7,James Harden,34
2019-20,HOU,68,36.5,44.3,55.7,31.9,0.9,38.4,10.3,29.7,15.6,31.1,13.9,86.1,17.1,82.9,15.3,84.7,James Harden,34
2018-19,HOU,78,36.8,46.1,53.9,33.0,2.4,40.2,8.5,26.8,14.9,30.6,10.5,89.5,16.1,83.9,13.0,87.0,James Harden,34
2017-18,HOU,72,35.4,50.2,49.8,35.2,4.6,36.3,6.7,28.5,15.4,30.7,8.8,91.2,26.0,74.0,15.8,84.2,James Harden,34
2016-17,HOU,81,36.4,50.7,49.3,35.0,5.5,33.4,13.7,31.6,15.2,29.5,9.5,90.5,31.7,68.3,18.1,81.9,James Harden,34
2015-16,HOU,82,38.1,59.4,40.6,39.9,10.8,29.8,19.4,30.3,16.6,29.1,18.1,81.9,52.1,47.9,29.4,70.6,James Harden,34
2014-15,HOU,81,36.8,62.2,37.8,39.6,9.3,28.1,21.0,32.3,18.4,30.3,16.9,83.1,51.0,49.0,27.8,72.2,James Harden,34
2013-14,HOU,73,38.0,59.9,40.1,40.2,9.8,28.7,27.3,31.1,16.8,30.4,22.3,77.7,58.8,41.2,34.1,65.9,James Harden,34
2012-13,HOU,78,38.3,63.6,36.4,40.1,7.1,26.5,24.3,33.4,18.4,33.0,24.1,75.9,47.5,52.5,31.3,68.7,James Harden,34
2011-12,OKC,62,31.4,53.6,46.4,37.4,4.6,32.8,19.4,29.8,18.9,32.8,28.2,71.8,86.0,14.0,49.5,50.5,James Harden,34
2010-11,OKC,82,26.7,52.6,47.4,37.1,7.8,34.0,18.5,28.9,17.4,29.3,42.2,57.8,82.3,17.7,57.4,42.6,James Harden,34
2009-10,OKC,76,22.9,57.1,42.9,37.2,11.7,37.1,20.6,25.7,22.6,25.5,37.9,62.1,92.5,7.5,59.7,40.3,James Harden,34
2024-25,MEM,35,29.0,68.6,31.4,55.9,3.3,23.8,4.8,20.3,12.0,52.6,46.4,53.6,92.1,7.9,56.5,43.5,Jaren Jackson Jr.,32
2023-24,MEM,66,32.2,68.5,31.5,53.7,1.5,23.6,3.4,22.7,16.4,52.2,49.1,50.9,93.2,6.8,59.1,40.9,Jaren Jackson Jr.,32
2022-23,MEM,63,28.4,65.7,34.3,53.9,0.3,25.6,7.4,20.5,11.5,53.5,59.5,40.5,96.0,4.0,68.3,31.7,Jaren Jackson Jr.,32
2021-22,MEM,78,27.3,61.3,38.7,47.5,1.4,30.2,7.2,22.3,14.8,46.1,56.3,43.7,98.4,1.6,68.8,31.2,Jaren Jackson Jr.,32
2020-21,MEM,11,23.5,52.0,48.0,45.6,1.3,32.3,12.0,22.1,8.9,44.3,66.7,33.3,100.0,0.0,77.4,22.6,Jaren Jackson Jr.,32
2019-20,MEM,57,28.5,51.1,48.9,42.0,1.2,43.9,10.1,14.1,12.6,40.8,64.4,35.6,92.4,7.6,75.9,24.1,Jaren Jackson Jr.,32
2018-19,MEM,58,26.1,75.9,24.1,61.9,2.0,19.2,9.8,18.9,14.5,59.9,63.6,36.4,94.1,5.9,68.8,31.2,Jaren Jackson Jr.,32
2024-25,BOS,28,35.4,64.0,36.0,54.5,5.9,28.6,13.8,16.9,16.0,48.6,35.5,64.5,73.8,26.2,45.4,54.6,Jaylen Brown,20
2023-24,BOS,70,33.5,67.4,32.6,59.9,9.9,27.0,19.3,13.1,15.0,49.9,42.9,57.1,63.4,36.6,47.7,52.3,Jaylen Brown,20
2022-23,BOS,67,35.9,64.8,35.2,57.8,10.8,27.4,17.5,14.8,14.3,47.1,47.7,52.3,68.7,31.3,52.7,47.3,Jaylen Brown,20
2021-22,BOS,66,33.6,61.9,38.1,52.6,10.8,31.9,13.5,15.5,14.7,41.8,47.1,52.9,75.9,24.1,55.4,44.6,Jaylen Brown,20
2020-21,BOS,58,34.5,63.0,37.0,52.4,10.9,34.2,15.3,13.4,14.4,41.5,45.3,54.7,79.8,20.2,55.8,44.2,Jaylen Brown,20
2019-20,BOS,57,33.9,61.9,38.1,51.4,7.2,33.4,22.0,15.2,16.8,44.2,47.7,52.3,88.4,11.6,60.0,40.0,Jaylen Brown,20
2018-19,BOS,74,25.9,65.2,34.8,56.6,8.1,29.6,22.9,13.8,20.0,48.5,57.1,42.9,96.8,3.2,67.4,32.6,Jaylen Brown,20
2017-18,BOS,70,30.7,61.9,38.1,49.6,6.7,35.7,13.9,14.7,20.2,42.9,53.6,46.4,96.7,3.3,67.6,32.4,Jaylen Brown,20
2016-17,BOS,78,17.2,68.2,31.8,56.7,6.6,26.8,21.0,16.5,23.9,50.1,62.3,37.7,95.7,4.3,70.3,29.7,Jaylen Brown,20
2024-25,BOS,30,36.3,47.8,52.2,38.6,5.4,41.0,11.0,20.4,14.5,33.2,34.8,65.2,45.7,54.3,39.3,60.7,Jayson Tatum,6
2023-24,BOS,74,35.7,57.3,42.7,44.6,9.3,34.6,11.1,20.8,15.5,35.3,35.7,64.3,48.5,51.5,40.0,60.0,Jayson Tatum,6
2022-23,BOS,74,36.9,56.0,44.0,43.8,5.0,32.4,12.1,23.8,15.1,38.7,51.5,48.5,64.6,35.4,55.8,44.2,Jayson Tatum,6
2021-22,BOS,76,35.9,58.4,41.6,46.7,9.4,33.7,11.0,19.6,13.5,37.3,42.9,57.1,56.5,43.5,47.3,52.7,Jayson Tatum,6
2020-21,BOS,64,35.8,63.2,36.8,49.4,11.9,33.2,9.9,17.4,18.9,37.5,38.3,61.7,46.5,53.5,40.8,59.2,Jayson Tatum,6
2019-20,BOS,66,34.3,61.7,38.3,46.9,10.2,36.7,12.8,16.4,14.4,36.7,43.3,56.7,54.5,45.5,47.1,52.9,Jayson Tatum,6
2018-19,BOS,79,31.1,70.0,30.0,56.3,16.3,28.0,16.5,15.7,19.1,40.1,49.7,50.3,85.3,14.7,58.6,41.4,Jayson Tatum,6
2017-18,BOS,80,30.5,71.0,29.0,52.5,16.5,28.3,14.2,19.2,18.3,36.0,56.5,43.5,92.4,7.6,66.0,34.0,Jayson Tatum,6
2024-25,MEM,20,27.7,69.3,30.7,52.4,3.3,21.9,19.3,25.7,19.1,49.1,29.7,70.3,83.9,16.1,41.5,58.5,Ja Morant,38
2023-24,MEM,9,35.3,70.0,30.0,58.4,3.5,18.6,13.3,23.0,10.2,54.9,28.8,71.2,50.0,50.0,32.5,67.5,Ja Morant,38
2022-23,MEM,61,31.9,75.3,24.7,59.4,4.3,17.3,15.0,23.3,15.0,55.1,18.1,81.9,53.3,46.7,23.9,76.1,Ja Morant,38
2021-22,MEM,57,33.1,78.2,21.8,62.9,2.3,16.9,15.9,20.2,14.3,60.6,24.8,75.2,51.1,48.9,28.8,71.2,Ja Morant,38
2020-21,MEM,63,32.6,74.8,25.2,59.3,4.0,18.2,15.0,22.5,16.5,55.3,29.4,70.6,60.3,39.7,34.7,65.3,Ja Morant,38
2019-20,MEM,67,31.0,80.9,19.1,64.9,4.9,15.1,14.2,20.0,15.3,60.0,28.2,71.8,55.0,45.0,31.8,68.2,Ja Morant,38
2024-25,POR,29,32.7,49.6,50.4,32.2,6.4,49.0,13.6,18.8,12.9,25.7,48.6,51.4,95.8,4.2,72.3,27.7,Jerami Grant,91
2023-24,POR,54,33.9,67.5,32.5,48.1,11.8,29.4,10.6,22.5,16.2,36.2,44.5,55.5,97.3,2.7,59.8,40.2,Jerami Grant,91
2022-23,POR,63,35.6,60.7,39.3,45.0,9.5,33.5,15.0,21.5,15.3,35.5,57.9,42.1,97.2,2.8,71.0,29.0,Jerami Grant,91
2021-22,DET,47,31.9,63.7,36.3,45.8,14.8,30.2,8.1,24.0,13.8,31.0,49.8,50.2,96.7,3.3,64.1,35.9,Jerami Grant,91
2020-21,DET,54,33.9,64.7,35.3,47.3,12.4,28.6,7.1,24.1,13.9,34.9,53.7,46.3,93.0,7.0,65.0,35.0,Jerami Grant,91
2019-20,DEN,71,26.6,60.3,39.7,48.2,6.8,34.5,8.2,17.3,13.3,41.4,76.6,23.4,100.0,0.0,84.2,15.8,Jerami Grant,91
2018-19,OKC,80,32.7,64.4,35.6,53.9,3.3,31.7,12.5,14.4,17.5,50.6,78.6,21.4,99.1,0.9,84.4,15.6,Jerami Grant,91
2017-18,OKC,81,20.3,75.9,24.1,62.2,2.6,14.1,10.1,23.7,22.0,59.5,73.1,26.9,93.8,6.3,75.8,24.2,Jerami Grant,91
2016-17,TOT,80,19.1,64.6,35.4,49.9,5.5,29.5,14.4,20.6,16.0,44.4,65.1,34.9,97.7,2.3,74.3,25.7,Jerami Grant,91
2016-17,OKC,78,19.1,63.3,36.7,48.9,4.8,30.6,14.7,20.5,16.2,44.2,63.1,36.9,97.7,2.3,73.3,26.7,Jerami Grant,91
2016-17,PHI,2,20.6,88.2,11.8,75.0,25.0,0.0,6.3,25.0,12.5,50.0,100.0,0.0,0.0,0.0,100.0,0.0,Jerami Grant,91
2015-16,PHI,77,26.8,75.6,24.4,57.7,2.7,14.0,16.3,28.3,18.3,55.0,68.5,31.5,100.0,0.0,72.9,27.1,Jerami Grant,91
2014-15,PHI,65,21.2,55.7,44.3,36.5,3.4,35.8,15.1,27.7,21.2,33.1,61.3,38.7,98.0,2.0,75.8,24.2,Jerami Grant,91
2024-25,MIA,22,30.8,86.2,13.8,59.9,6.2,9.3,16.8,30.8,17.3,53.7,49.1,50.9,83.3,16.7,52.3,47.7,Jimmy Butler,69
2023-24,MIA,60,34.0,81.7,18.3,53.9,8.0,14.4,12.3,31.7,15.7,45.9,45.2,54.8,80.0,20.0,50.5,49.5,Jimmy Butler,69
2022-23,MIA,64,33.4,88.4,11.6,60.4,10.4,7.4,12.7,32.2,17.5,50.1,37.7,62.3,69.4,30.6,40.1,59.9,Jimmy Butler,69
2021-22,MIA,57,33.9,86.0,14.0,60.9,12.1,6.6,12.0,32.5,16.0,48.7,37.7,62.3,77.8,22.2,40.5,59.5,Jimmy Butler,69
2020-21,MIA,52,33.6,86.1,13.9,61.1,11.5,6.7,14.6,32.2,17.9,49.6,35.8,64.2,68.0,32.0,38.0,62.0,Jimmy Butler,69
2019-20,MIA,58,33.8,84.3,15.7,54.6,9.2,7.5,12.0,37.9,16.5,45.5,40.2,59.8,55.2,44.8,41.4,58.6,Jimmy Butler,69
2018-19,TOT,65,33.6,78.7,21.3,57.8,13.8,16.5,13.9,25.7,13.8,44.0,48.1,51.9,67.2,32.8,51.2,48.8,Jimmy Butler,69
2018-19,PHI,55,33.2,80.2,19.8,58.7,15.0,15.0,13.5,26.3,13.9,43.7,51.0,49.0,72.0,28.0,54.1,45.9,Jimmy Butler,69
2018-19,MIN,10,36.1,71.3,28.7,53.5,8.5,23.9,16.0,22.6,13.6,45.1,33.3,66.7,52.9,47.1,37.8,62.2,Jimmy Butler,69
2017-18,MIN,59,36.7,78.3,21.7,56.2,17.4,16.1,11.6,27.7,18.1,38.7,33.2,66.8,75.7,24.3,40.0,60.0,Jimmy Butler,69
2016-17,CHI,76,37.0,80.2,19.8,52.8,20.0,15.0,16.9,32.2,16.6,32.7,36.5,63.5,63.7,36.3,40.9,59.1,Jimmy Butler,69
2015-16,CHI,67,36.9,80.2,19.8,58.0,19.7,13.7,12.4,28.3,15.8,38.3,44.1,55.9,71.9,28.1,47.9,52.1,Jimmy Butler,69
2014-15,CHI,65,38.7,78.8,21.2,53.5,17.5,16.8,17.0,29.7,18.8,36.0,56.9,43.1,91.8,8.2,62.9,37.1,Jimmy Butler,69
2013-14,CHI,67,38.7,65.4,34.6,47.2,15.3,23.2,18.3,29.6,21.6,31.9,59.4,40.6,98.5,1.5,69.1,30.9,Jimmy Butler,69
2012-13,CHI,82,26.0,79.5,20.5,56.5,14.8,17.0,14.9,26.5,20.4,41.7,63.8,36.2,97.5,2.5,69.5,30.5,Jimmy Butler,69
2011-12,CHI,42,8.5,86.1,13.9,55.0,18.3,5.5,23.9,39.5,19.3,36.7,63.3,36.7,100.0,0.0,65.6,34.4,Jimmy Butler,69
2024-25,PHI,11,29.3,76.6,23.4,53.6,13.8,14.9,3.1,31.5,14.9,39.8,54.3,45.7,92.3,7.7,60.2,39.8,Joel Embiid,25
2023-24,PHI,39,33.6,83.7,16.3,58.5,18.2,12.0,6.1,29.5,9.5,40.4,53.3,46.7,83.3,16.7,56.9,43.1,Joel Embiid,25
2022-23,PHI,66,34.6,84.9,15.1,60.7,15.7,9.1,6.3,30.2,12.7,45.0,60.0,40.0,89.4,10.6,62.6,37.4,Joel Embiid,25
2021-22,PHI,68,33.8,81.2,18.8,55.1,15.9,13.4,6.1,31.5,12.3,39.2,51.3,48.7,71.0,29.0,54.1,45.9,Joel Embiid,25
2020-21,PHI,51,31.1,82.9,17.1,55.5,19.3,12.0,6.6,32.5,13.6,36.3,42.9,57.1,87.9,12.1,48.6,51.4,Joel Embiid,25
2019-20,PHI,51,29.5,78.5,21.5,55.5,16.4,14.6,4.7,29.9,10.3,39.1,45.2,54.8,91.2,8.8,52.1,47.9,Joel Embiid,25
2018-19,PHI,64,33.7,78.1,21.9,56.9,9.4,13.5,5.6,29.6,12.0,47.5,48.7,51.3,92.4,7.6,54.7,45.3,Joel Embiid,25
2017-18,PHI,63,30.4,79.7,20.3,61.5,17.9,13.7,2.6,24.8,10.7,43.6,43.9,56.1,92.4,7.6,50.2,49.8,Joel Embiid,25
2016-17,PHI,31,25.4,77.2,22.8,52.3,13.7,17.2,5.9,30.5,13.2,38.6,53.0,47.0,97.2,2.8,61.0,39.0,Joel Embiid,25
2024-25,UTA,27,29.9,73.6,26.4,57.0,2.5,24.2,8.3,18.8,11.2,54.5,61.6,38.4,94.9,5.1,68.9,31.1,John Collins,62
2023-24,UTA,68,28.0,68.9,31.1,60.6,3.5,25.1,10.0,14.3,12.1,57.1,73.0,27.0,98.8,1.2,78.6,21.4,John Collins,62
2022-23,ATL,71,30.0,66.1,33.9,62.1,9.7,22.6,11.0,15.3,16.1,52.4,79.2,20.8,95.7,4.3,82.5,17.5,John Collins,62
2021-22,ATL,54,30.8,72.7,27.3,62.8,9.8,21.9,5.1,15.3,12.6,53.0,79.3,20.7,98.4,1.6,82.9,17.1,John Collins,62
2020-21,ATL,63,29.3,73.0,27.0,62.3,9.9,22.4,6.9,15.3,9.8,52.4,72.3,27.7,98.8,1.2,77.4,22.6,John Collins,62
2019-20,ATL,41,33.2,75.7,24.3,66.4,3.8,20.0,9.9,13.6,14.7,62.6,74.8,25.2,96.6,3.4,78.5,21.5,John Collins,62
2018-19,ATL,61,30.0,81.0,19.0,69.0,2.5,13.9,9.9,17.1,14.1,66.5,72.7,27.3,100.0,0.0,75.9,24.1,John Collins,62
2017-18,ATL,74,24.1,91.4,8.6,76.7,5.4,6.2,9.9,17.1,20.3,71.3,74.2,25.8,100.0,0.0,75.5,24.5,John Collins,62
2024-25,UTA,22,25.6,58.2,41.8,44.3,6.3,34.9,9.7,20.8,11.6,38.1,26.9,73.1,63.4,36.6,39.5,60.5,Jordan Clarkson,82
2023-24,UTA,55,30.6,62.1,37.9,52.2,7.4,29.0,8.7,18.8,10.1,44.8,37.0,63.0,70.3,29.7,46.0,54.0,Jordan Clarkson,82
2022-23,UTA,61,32.6,55.5,44.5,47.7,4.9,36.6,11.6,15.7,12.4,42.8,21.5,78.5,74.8,25.2,39.5,60.5,Jordan Clarkson,82
2021-22,UTA,79,27.1,46.4,53.6,43.6,4.1,45.0,9.2,11.4,12.4,39.5,22.1,77.9,67.4,32.6,40.6,59.4,Jordan Clarkson,82
2020-21,UTA,68,26.7,44.3,55.7,39.8,2.6,49.9,12.1,10.3,13.3,37.3,16.5,83.5,63.0,37.0,37.6,62.4,Jordan Clarkson,82
2019-20,TOT,71,24.0,52.4,47.6,44.9,3.5,42.3,9.7,12.8,13.8,41.4,25.6,74.4,77.0,23.0,45.4,54.6,Jordan Clarkson,82
2019-20,UTA,42,24.7,53.0,47.0,47.9,4.0,42.6,10.1,9.5,14.5,44.0,23.6,76.4,76.3,23.7,43.2,56.8,Jordan Clarkson,82
2019-20,CLE,29,23.0,51.2,48.8,40.2,2.8,41.8,9.2,18.0,12.8,37.4,29.4,70.6,78.0,22.0,49.3,50.7,Jordan Clarkson,82
2018-19,CLE,81,27.3,62.3,37.7,56.5,16.6,31.7,9.8,11.8,15.7,39.9,26.5,73.5,78.5,21.5,40.6,59.4,Jordan Clarkson,82
2017-18,TOT,81,23.3,66.7,33.3,56.6,17.1,29.9,12.9,13.5,15.4,39.5,27.7,72.3,79.5,20.5,41.2,58.8,Jordan Clarkson,82
2017-18,CLE,28,22.6,62.4,37.6,49.3,19.3,37.4,13.9,13.3,21.2,30.0,28.7,71.3,79.5,20.5,45.8,54.2,Jordan Clarkson,82
2017-18,LAL,53,23.7,68.5,31.5,59.9,16.1,26.5,12.5,13.6,12.7,43.8,27.3,72.7,79.4,20.6,39.1,60.9,Jordan Clarkson,82
2016-17,LAL,82,29.2,66.8,33.2,59.8,14.9,29.1,14.3,11.1,16.4,44.8,25.3,74.7,77.8,22.2,38.2,61.8,Jordan Clarkson,82
2015-16,LAL,79,32.3,70.9,29.1,59.4,17.1,27.2,13.4,13.4,13.4,42.3,30.5,69.5,75.7,24.3,41.1,58.9,Jordan Clarkson,82
2014-15,LAL,59,25.0,79.7,20.3,65.1,22.2,16.2,20.6,18.7,17.9,43.0,27.9,72.1,73.7,26.3,34.5,65.5,Jordan Clarkson,82
2024-25,WAS,28,31.4,45.0,55.0,31.4,2.3,49.6,16.4,19.0,13.3,29.1,36.5,63.5,57.4,42.6,47.2,52.8,Jordan Poole,35
2023-24,WAS,78,30.1,52.4,47.6,45.1,9.1,40.7,16.1,14.2,15.0,36.0,40.8,59.2,66.8,33.2,50.6,49.4,Jordan Poole,35
2022-23,GSW,82,30.0,50.2,49.8,40.1,7.3,38.3,16.3,21.6,14.4,32.8,44.6,55.4,70.1,29.9,54.5,45.5,Jordan Poole,35
2021-22,GSW,76,30.0,45.2,54.8,37.4,6.3,45.1,15.2,17.5,14.7,31.2,41.4,58.6,70.6,29.4,54.4,45.6,Jordan Poole,35
2020-21,GSW,51,19.4,41.8,58.2,35.3,5.2,47.5,10.6,17.2,11.6,30.1,61.1,38.9,89.7,10.3,74.6,25.4,Jordan Poole,35
2019-20,GSW,57,22.3,47.2,52.8,37.0,13.5,44.1,11.5,18.9,18.3,23.5,46.2,53.8,85.1,14.9,63.5,36.5,Jordan Poole,35
2024-25,NYK,36,37.7,62.4,37.6,56.5,3.9,28.1,19.9,15.4,16.4,52.6,57.9,42.1,85.4,14.6,64.8,35.2,Josh Hart,96
2023-24,NYK,81,33.4,62.0,38.0,56.5,2.9,31.5,19.2,12.0,17.0,53.6,63.3,36.7,88.8,11.3,70.2,29.8,Josh Hart,96
2022-23,TOT,76,32.3,68.5,31.5,57.6,1.9,24.6,28.1,17.8,15.1,55.7,44.4,55.6,100.0,0.0,56.7,43.3,Josh Hart,96
2022-23,NYK,25,30.0,66.9,33.1,50.8,0.8,31.6,25.0,17.6,18.0,50.0,38.5,61.5,100.0,0.0,56.5,43.5,Josh Hart,96
2022-23,POR,51,33.4,69.1,30.9,61.2,2.5,20.9,29.8,17.9,13.6,58.7,47.0,53.0,100.0,0.0,56.8,43.2,Josh Hart,96
2021-22,TOT,54,33.2,62.6,37.4,53.0,4.7,27.1,25.9,19.9,14.1,48.3,47.2,52.8,74.0,26.0,54.0,46.0,Josh Hart,96
2021-22,POR,13,32.1,54.6,45.4,47.1,4.6,35.9,20.5,17.0,14.7,42.5,39.3,60.7,58.1,41.9,45.7,54.3,Josh Hart,96
2021-22,NOP,41,33.5,66.3,33.7,55.8,4.7,23.0,28.5,21.2,13.9,51.1,50.3,49.7,85.7,14.3,57.9,42.1,Josh Hart,96
2020-21,NOP,47,28.7,43.9,56.1,40.6,4.1,43.5,26.0,15.9,10.6,36.4,59.1,40.9,98.4,1.6,75.5,24.5,Josh Hart,96
2019-20,NOP,65,27.0,33.5,66.5,31.7,0.9,55.3,27.7,13.0,16.0,30.8,46.2,53.8,96.7,3.3,73.3,26.7,Josh Hart,96
2018-19,LAL,67,25.6,40.9,59.1,37.0,2.3,52.6,29.5,10.4,22.5,34.7,72.2,27.8,92.4,7.6,82.0,18.0,Josh Hart,96
2017-18,LAL,63,23.2,47.5,52.5,39.5,3.6,47.2,28.8,13.3,21.2,35.9,63.3,36.7,93.6,6.4,76.7,23.3,Josh Hart,96
2024-25,MIN,36,33.0,65.9,34.1,50.9,5.4,26.5,11.2,22.6,13.5,45.5,39.7,60.3,82.3,17.7,50.6,49.4,Julius Randle,47
2023-24,NYK,46,35.4,70.8,29.2,57.9,6.9,20.7,12.7,21.4,12.7,51.0,42.3,57.7,86.8,13.2,50.9,49.1,Julius Randle,47
2022-23,NYK,77,35.5,55.6,44.4,45.5,8.5,33.8,7.3,20.7,12.3,37.0,38.2,61.8,75.2,24.8,50.5,49.5,Julius Randle,47
2021-22,NYK,72,35.3,68.7,31.3,54.2,13.8,24.9,6.5,20.9,15.0,40.4,36.2,63.8,80.0,20.0,46.5,53.5,Julius Randle,47
2020-21,NYK,71,37.6,70.6,29.4,51.6,20.0,28.0,4.9,20.4,14.1,31.7,34.2,65.8,79.4,20.6,46.2,53.8,Julius Randle,47
2019-20,NYK,64,32.5,77.0,23.0,63.9,8.8,15.4,5.8,20.7,14.3,55.1,40.4,59.6,93.8,6.3,47.7,52.3,Julius Randle,47
2018-19,NOP,73,30.6,82.1,17.9,64.4,2.9,12.8,10.7,22.8,14.4,61.5,49.0,51.0,91.0,9.0,53.9,46.1,Julius Randle,47
2017-18,LAL,82,26.7,95.0,5.0,74.7,3.3,2.3,16.8,23.0,15.0,71.4,53.4,46.6,100.0,0.0,54.4,45.6,Julius Randle,47
2016-17,LAL,74,28.8,91.8,8.2,73.8,7.6,5.2,18.3,21.0,17.0,66.3,48.9,51.1,94.1,5.9,50.9,49.1,Julius Randle,47
2015-16,LAL,81,28.2,95.7,4.3,75.7,8.5,3.3,16.2,21.0,18.7,67.2,45.1,54.9,70.0,30.0,45.8,54.2,Julius Randle,47
2014-15,LAL,1,13.6,100.0,0.0,100.0,100.0,0.0,0.0,0.0,0.0,0.0,0.0,100.0,0.0,0.0,0.0,100.0,Julius Randle,47
2024-25,NYK,32,34.3,69.4,30.6,53.9,3.5,26.3,3.3,19.8,11.8,50.4,58.6,41.4,97.1,2.9,68.1,31.9,Karl-Anthony Towns,15
2023-24,MIN,62,32.7,65.6,34.4,50.9,5.2,30.2,5.0,18.9,14.2,45.7,64.1,35.9,97.1,2.9,73.5,26.5,Karl-Anthony Towns,15
2022-23,MIN,29,33.0,61.7,38.3,50.5,8.3,29.9,9.1,19.6,13.8,42.2,59.9,40.1,96.7,3.3,70.3,29.7,Karl-Anthony Towns,15
2021-22,MIN,74,33.5,69.9,30.1,54.1,4.7,24.8,5.3,21.1,14.0,49.4,53.7,46.3,88.7,11.3,61.8,38.2,Karl-Anthony Towns,15
2020-21,MIN,50,33.8,64.0,36.0,48.9,5.5,29.5,4.8,21.6,13.9,43.4,55.8,44.2,93.4,6.6,66.6,33.4,Karl-Anthony Towns,15
2019-20,MIN,35,33.9,55.5,44.5,43.6,2.8,36.9,3.8,19.5,12.3,40.8,50.5,49.5,81.6,18.4,61.7,38.3,Karl-Anthony Towns,15
2018-19,MIN,77,33.0,73.0,27.0,57.3,7.9,22.7,2.9,20.0,15.0,49.5,58.4,41.6,93.0,7.0,65.6,34.4,Karl-Anthony Towns,15
2017-18,MIN,82,35.6,75.7,24.3,59.6,10.3,20.7,3.3,19.7,14.6,49.2,64.2,35.8,97.5,2.5,70.4,29.6,Karl-Anthony Towns,15
2016-17,MIN,82,37.0,81.4,18.6,68.0,12.0,14.7,5.8,17.3,13.4,56.0,59.6,40.4,96.0,4.0,64.2,35.8,Karl-Anthony Towns,15
2015-16,MIN,82,32.0,92.4,7.6,79.2,25.9,6.0,5.8,14.8,15.4,53.2,66.7,33.3,90.0,10.0,67.8,32.2,Karl-Anthony Towns,15
2024-25,PHX,22,36.0,69.3,30.7,53.1,17.7,26.1,14.9,20.8,15.1,35.4,42.6,57.4,83.0,17.0,52.6,47.4,Kevin Durant,8
2023-24,PHX,75,37.2,71.7,28.3,57.4,24.7,24.8,12.7,17.8,13.8,32.7,51.1,48.9,81.5,18.5,57.9,42.1,Kevin Durant,8
2022-23,TOT,47,35.6,73.3,26.7,57.1,26.8,20.4,9.8,22.5,12.2,30.3,46.4,53.6,65.6,34.4,50.1,49.9,Kevin Durant,8
2022-23,PHX,8,33.7,68.0,32.0,49.0,26.0,31.7,5.8,19.3,4.8,23.1,51.0,49.0,86.4,13.6,61.6,38.4,Kevin Durant,8
2022-23,BKN,39,36.0,74.3,25.7,58.5,26.9,18.4,10.5,23.1,13.5,31.6,45.7,54.3,59.2,40.8,48.0,52.0,Kevin Durant,8
2021-22,BKN,55,37.2,73.1,26.9,56.4,27.5,21.0,11.7,22.6,12.1,28.8,49.9,50.1,55.7,44.3,51.0,49.0,Kevin Durant,8
2020-21,BKN,35,33.1,68.7,31.3,50.7,19.3,27.0,10.8,22.3,11.9,31.4,47.7,52.3,64.7,35.3,52.2,47.8,Kevin Durant,8
2018-19,GSW,78,34.6,71.9,28.1,57.6,25.1,20.3,17.6,22.1,13.9,32.6,47.1,52.9,56.9,43.1,49.0,51.0,Kevin Durant,8
2017-18,GSW,68,34.2,66.2,33.8,51.0,21.7,29.0,16.3,20.0,14.1,29.4,48.8,51.2,68.8,31.2,54.3,45.7,Kevin Durant,8
2016-17,GSW,62,33.4,69.6,30.4,55.8,15.8,22.6,22.9,21.6,18.2,40.0,56.5,43.5,81.2,18.8,61.7,38.3,Kevin Durant,8
2015-16,OKC,72,35.8,65.2,34.8,50.5,19.3,27.5,16.5,22.0,10.5,31.1,51.8,48.2,64.0,36.0,55.0,45.0,Kevin Durant,8
2014-15,OKC,27,33.8,66.0,34.0,50.7,20.4,28.0,15.6,21.3,15.7,30.3,51.1,48.9,65.6,34.4,55.0,45.0,Kevin Durant,8
2013-14,OKC,81,38.5,70.9,29.1,50.7,17.4,22.2,17.3,27.1,16.0,33.2,44.7,55.3,55.7,44.3,47.2,52.8,Kevin Durant,8
2012-13,OKC,81,38.5,76.7,23.3,51.9,18.6,18.3,14.9,29.8,16.9,33.3,44.9,55.1,79.9,20.1,51.6,48.4,Kevin Durant,8
2011-12,OKC,66,38.6,73.5,26.5,55.1,21.8,21.6,15.8,23.3,14.2,33.3,39.6,60.4,80.5,19.5,48.1,51.9,Kevin Durant,8
2010-11,OKC,78,38.9,73.1,26.9,52.4,25.5,20.1,15.0,27.5,15.3,26.8,56.5,43.5,85.5,14.5,62.4,37.6,Kevin Durant,8
2009-10,OKC,82,39.5,79.0,21.0,53.9,21.8,15.5,17.9,30.6,19.2,32.1,47.1,52.9,77.3,22.7,52.0,48.0,Kevin Durant,8
2008-09,OKC,74,39.0,83.5,16.5,60.3,27.6,15.6,18.4,24.1,16.3,32.7,50.2,49.8,94.8,5.2,56.7,43.3,Kevin Durant,8
2007-08,SEA,80,34.6,85.0,15.0,65.0,30.0,10.9,22.0,24.1,19.0,35.0,55.5,44.5,93.2,6.8,59.3,40.7,Kevin Durant,8
2024-25,UTA,28,31.5,42.9,57.1,33.3,5.0,51.4,10.7,15.3,11.0,28.3,35.6,64.4,72.0,28.0,54.1,45.9,Keyonte George,84
2023-24,UTA,75,27.0,46.0,54.0,35.3,7.0,45.3,12.1,19.4,12.9,28.3,36.6,63.4,70.1,29.9,52.0,48.0,Keyonte George,84
2024-25,DAL,32,27.8,35.3,64.7,28.2,14.5,64.8,12.1,7.0,12.8,13.7,67.2,32.8,95.9,4.1,84.6,15.4,Klay Thompson,97
2023-24,GSW,77,29.7,38.9,61.1,32.3,15.0,58.5,12.4,9.2,13.4,17.3,72.1,27.9,93.7,6.3,83.9,16.1,Klay Thompson,97
2022-23,GSW,69,33.0,41.6,58.4,32.5,13.9,59.8,15.9,7.7,15.2,18.6,72.7,27.3,89.0,11.0,81.7,18.3,Klay Thompson,97
2021-22,GSW,32,29.4,48.3,51.7,40.5,19.0,52.5,14.7,7.0,15.2,21.5,63.6,36.4,88.6,11.4,75.2,24.8,Klay Thompson,97
2018-19,GSW,78,34.0,57.3,42.7,49.3,24.2,43.0,16.4,7.7,13.2,25.1,74.6,25.4,91.7,8.3,80.9,19.1,Klay Thompson,97
2017-18,GSW,73,34.3,55.8,44.2,47.4,26.8,47.0,19.0,5.6,12.1,20.5,74.3,25.7,95.2,4.8,82.6,17.4,Klay Thompson,97
2016-17,GSW,78,34.0,53.0,47.0,43.2,19.2,46.2,18.9,10.6,18.0,24.0,75.0,25.0,95.5,4.5,83.5,16.5,Klay Thompson,97
2015-16,GSW,80,33.3,53.1,46.9,42.3,14.3,46.8,18.3,10.9,13.8,28.0,72.5,27.5,92.4,7.6,81.0,19.0,Klay Thompson,97
2014-15,GSW,77,31.9,58.0,42.0,43.5,16.3,43.0,18.7,13.5,14.9,27.2,55.6,44.4,90.8,9.2,69.6,30.4,Klay Thompson,97
2013-14,GSW,81,35.4,57.5,42.5,45.2,21.6,45.0,15.5,9.8,15.9,23.5,62.2,37.8,94.6,5.4,75.1,24.9,Klay Thompson,97
2012-13,GSW,82,35.8,56.3,43.7,43.7,24.3,46.6,19.1,9.7,16.6,19.4,75.1,24.9,94.8,5.2,83.3,16.7,Klay Thompson,97
2011-12,GSW,66,24.4,62.7,37.3,50.1,27.4,40.3,11.6,9.6,19.4,22.8,62.3,37.7,92.8,7.2,73.0,27.0,Klay Thompson,97
2024-25,BOS,14,27.9,57.5,42.5,46.1,7.8,30.5,7.4,23.4,7.4,38.3,71.2,28.8,96.2,3.8,78.8,21.2,Kristaps Porzingis,65
2023-24,BOS,57,29.6,61.0,39.0,48.6,5.6,28.8,6.0,22.6,8.9,43.0,71.6,28.4,99.1,0.9,79.4,20.6,Kristaps Porzingis,65
2022-23,WAS,65,32.6,65.0,35.0,49.2,11.7,27.3,2.9,23.5,11.2,37.5,62.2,37.8,94.9,5.1,71.0,29.0,Kristaps Porzingis,65
2021-22,TOT,51,29.0,67.1,32.9,53.2,12.8,22.7,7.3,24.1,11.2,40.4,68.2,31.8,98.7,1.3,75.0,25.0,Kristaps Porzingis,65
2021-22,WAS,17,28.2,69.5,30.5,50.0,14.4,23.1,3.2,26.9,10.9,35.6,62.8,37.2,96.6,3.4,70.7,29.3,Kristaps Porzingis,65
2021-22,DAL,34,29.5,65.9,34.1,55.0,11.9,22.5,9.6,22.5,11.3,43.1,71.1,28.9,100.0,0.0,77.3,22.7,Kristaps Porzingis,65
2020-21,DAL,43,30.9,62.2,37.8,52.7,12.3,33.6,5.9,13.7,8.8,40.5,71.1,28.9,96.9,3.1,78.8,21.2,Kristaps Porzingis,65
2019-20,DAL,57,31.8,56.8,43.2,44.0,12.7,36.6,5.5,19.4,12.0,31.3,72.7,27.3,97.2,2.8,81.4,18.6,Kristaps Porzingis,65
2017-18,NYK,48,32.4,74.4,25.6,55.1,24.1,24.8,5.1,20.1,12.8,31.1,64.7,35.3,98.9,1.1,72.6,27.4,Kristaps Porzingis,65
2016-17,NYK,66,32.8,68.1,31.9,55.4,19.7,28.1,7.9,16.5,12.4,35.6,66.8,33.2,98.2,1.8,74.7,25.3,Kristaps Porzingis,65
2015-16,NYK,72,28.4,72.6,27.4,56.8,23.7,23.6,3.8,19.6,10.2,33.1,58.6,41.4,98.8,1.2,67.3,32.7,Kristaps Porzingis,65
2024-25,DAL,30,35.6,61.6,38.4,48.3,11.5,38.3,11.8,13.4,11.2,36.8,30.1,69.9,61.3,38.7,40.9,59.1,Kryie Irving,21
2023-24,DAL,58,35.0,62.8,37.2,52.3,15.2,34.9,14.3,12.8,12.6,37.1,37.5,62.5,65.3,34.7,46.1,53.9,Kryie Irving,21
2022-23,TOT,60,37.3,58.8,41.2,50.0,12.9,34.8,14.5,15.2,12.9,37.1,29.1,70.9,51.1,48.9,36.0,64.0,Kryie Irving,21
2022-23,DAL,20,38.1,61.5,38.5,51.2,10.0,32.3,13.7,16.5,13.2,41.2,28.3,71.7,50.0,50.0,34.7,65.3,Kryie Irving,21
2022-23,BKN,40,36.9,57.5,42.5,49.4,14.4,36.0,14.9,14.6,12.8,35.1,29.5,70.5,51.5,48.5,36.7,63.3,Kryie Irving,21
2021-22,BKN,29,37.6,61.2,38.8,47.5,15.6,37.7,12.7,14.8,11.3,31.9,23.3,76.7,59.0,41.0,35.6,64.4,Kryie Irving,21
2020-21,BKN,54,34.9,65.2,34.8,54.7,15.4,31.4,10.9,13.9,10.1,39.3,23.4,76.6,57.9,42.1,33.0,67.0,Kryie Irving,21
2019-20,BKN,20,32.9,65.9,34.1,52.2,13.9,30.7,11.1,17.1,13.1,38.3,20.3,79.7,35.7,64.3,24.6,75.4,Kryie Irving,21
2018-19,BOS,67,33.0,65.0,35.0,53.9,17.5,32.7,15.0,13.4,14.1,36.3,26.5,73.5,63.8,36.2,37.3,62.7,Kryie Irving,21
2017-18,BOS,60,32.2,62.6,37.4,50.2,15.3,34.0,8.6,15.8,9.6,34.9,26.4,73.6,53.0,47.0,34.6,65.4,Kryie Irving,21
2016-17,CLE,72,35.1,68.9,31.1,54.4,21.6,29.2,9.7,16.4,10.7,32.8,22.3,77.7,53.1,46.9,30.4,69.6,Kryie Irving,21
2015-16,CLE,53,31.5,70.2,29.8,59.6,23.8,24.2,11.7,16.2,14.3,35.7,20.6,79.4,59.5,40.5,28.9,71.1,Kryie Irving,21
2014-15,CLE,75,36.4,69.4,30.6,51.7,17.8,28.9,11.1,19.4,13.1,33.9,21.6,78.4,61.8,38.2,32.5,67.5,Kryie Irving,21
2013-14,CLE,71,35.2,72.2,27.8,55.3,23.8,25.0,14.5,19.7,13.7,31.5,26.7,73.3,45.5,54.5,31.0,69.0,Kryie Irving,21
2012-13,CLE,59,34.7,73.9,26.1,56.6,24.3,24.7,11.0,18.7,14.2,32.3,24.0,76.0,53.2,46.8,30.6,69.4,Kryie Irving,21
2011-12,CLE,51,30.5,75.5,24.5,58.7,15.0,23.2,16.3,18.1,16.4,43.6,25.3,74.7,53.4,46.6,31.1,68.9,Kryie Irving,21
2024-25,WAS,17,26.4,69.5,30.5,68.0,7.0,22.3,22.3,9.7,12.5,60.9,56.3,43.7,73.7,26.3,59.4,40.6,Kyle Kuzma,90
2023-24,WAS,70,32.6,65.7,34.3,58.9,7.9,29.2,17.5,11.9,15.4,51.0,54.0,46.0,78.8,21.2,60.2,39.8,Kyle Kuzma,90
2022-23,WAS,64,35.0,57.9,42.1,51.9,5.7,35.4,15.2,12.7,11.0,46.1,46.6,53.4,78.1,21.9,56.4,43.6,Kyle Kuzma,90
2021-22,WAS,66,33.4,59.9,40.1,52.2,8.0,34.0,10.3,13.8,10.9,44.2,49.2,50.8,88.3,11.7,61.0,39.0,Kyle Kuzma,90
2020-21,LAL,68,28.7,49.8,50.2,45.3,6.2,47.0,16.2,7.7,16.5,39.1,54.5,45.5,92.7,7.3,70.1,29.9,Kyle Kuzma,90
2019-20,LAL,61,25.0,59.3,40.7,52.4,8.2,33.0,18.4,14.6,18.8,44.2,60.5,39.5,93.0,7.0,70.1,29.9,Kyle Kuzma,90
2018-19,LAL,70,33.1,61.2,38.8,56.3,6.0,29.4,18.4,14.3,13.7,50.3,61.4,38.6,92.2,7.8,69.4,30.6,Kyle Kuzma,90
2017-18,LAL,77,31.2,58.2,41.8,49.8,6.9,38.4,16.3,11.8,14.3,42.8,53.1,46.9,88.1,11.9,65.0,35.0,Kyle Kuzma,90
2024-25,CHA,22,33.7,47.1,52.9,39.6,5.7,44.9,10.6,15.5,12.2,33.8,24.4,75.6,54.5,45.5,37.4,62.6,Lamelo Ball,4
2023-24,CHA,22,32.3,53.4,46.6,43.0,1.5,39.9,9.5,17.1,14.6,41.4,15.9,84.1,58.6,41.4,32.2,67.8,Lamelo Ball,4
2022-23,CHA,36,35.2,46.9,53.1,36.3,7.9,51.6,11.6,12.1,12.9,28.4,25.0,75.0,65.3,34.7,44.6,55.4,Lamelo Ball,4
2021-22,CHA,75,32.3,54.9,45.1,42.2,6.6,43.8,14.8,14.0,16.1,35.5,26.4,73.6,75.0,25.0,46.3,53.7,Lamelo Ball,4
2020-21,CHA,51,28.8,61.2,38.8,50.1,5.7,34.4,10.6,15.5,16.1,44.3,28.4,71.6,72.8,27.2,42.3,57.7,Lamelo Ball,4
2024-25,UTA,28,31.9,44.8,55.2,34.0,3.3,43.3,13.7,22.7,13.1,30.7,60.9,39.1,100.0,0.0,78.8,21.2,Lauri Markkanen,53
2023-24,UTA,55,33.1,50.7,49.3,39.4,3.9,41.1,8.5,19.5,11.0,35.5,74.2,25.8,98.3,1.7,84.1,15.9,Lauri Markkanen,53
2022-23,UTA,66,34.4,55.4,44.6,43.9,3.9,35.5,10.3,20.6,12.1,40.0,65.0,35.0,93.5,6.5,75.0,25.0,Lauri Markkanen,53
2021-22,CLE,61,30.8,45.9,54.1,39.3,3.6,45.3,13.0,15.4,16.4,35.8,68.4,31.6,99.3,0.7,81.8,18.2,Lauri Markkanen,53
2020-21,CHI,51,25.8,43.2,56.8,37.7,0.9,51.4,6.5,10.9,8.8,36.8,72.5,27.5,99.2,0.8,85.2,14.8,Lauri Markkanen,53
2019-20,CHI,50,29.8,46.4,53.6,38.5,1.6,44.4,13.6,17.1,16.1,36.9,53.5,46.5,99.1,0.9,73.3,26.7,Lauri Markkanen,53
2018-19,CHI,52,32.3,58.2,41.8,45.6,7.2,37.0,8.8,17.4,12.3,38.4,52.7,47.3,97.5,2.5,68.4,31.6,Lauri Markkanen,53
2017-18,CHI,68,29.7,53.5,46.5,44.3,10.1,42.1,10.0,13.6,13.7,34.3,64.2,35.8,96.6,3.4,76.7,23.3,Lauri Markkanen,53
2024-25,LAL,33,34.9,68.3,31.7,58.2,11.4,27.8,18.7,14.0,15.2,46.8,40.2,59.8,64.4,35.6,46.0,54.0,LeBron James,27
2023-24,LAL,71,35.3,71.4,28.6,58.8,5.9,24.5,19.9,16.7,14.5,52.9,43.5,56.5,68.5,31.5,48.9,51.1,LeBron James,27
2022-23,LAL,55,35.5,69.1,30.9,61.4,9.3,22.8,21.6,15.8,12.3,52.1,39.5,60.5,62.8,37.2,44.2,55.8,LeBron James,27
2021-22,LAL,56,37.2,63.3,36.7,56.5,9.2,28.5,15.8,15.0,14.0,47.3,40.7,59.3,55.9,44.1,44.5,55.5,LeBron James,27
2020-21,LAL,45,33.4,65.4,34.6,56.5,9.8,27.7,18.0,15.8,16.0,46.7,32.7,67.3,51.9,48.1,37.4,62.6,LeBron James,27
2019-20,LAL,67,34.6,67.4,32.6,58.3,8.1,26.1,18.9,15.6,18.1,50.2,23.4,76.6,47.3,52.7,28.9,71.1,LeBron James,27
2018-19,LAL,55,35.2,70.1,29.9,59.4,10.0,22.1,19.5,18.5,15.2,49.4,34.0,66.0,34.2,65.8,34.1,65.9,LeBron James,27
2017-18,CLE,82,36.9,74.3,25.7,62.9,10.4,19.9,15.2,17.2,15.0,52.5,30.1,69.9,35.6,64.4,31.0,69.0,LeBron James,27
2016-17,CLE,74,37.8,74.6,25.4,62.6,9.8,19.0,20.8,18.4,15.5,52.8,35.5,64.5,49.2,50.8,37.8,62.2,LeBron James,27
2015-16,CLE,76,35.6,80.1,19.9,67.7,12.3,13.6,21.3,18.7,21.2,55.4,37.8,62.2,59.8,40.2,40.4,59.6,LeBron James,27
2014-15,CLE,69,36.1,73.5,26.5,57.8,14.6,20.7,19.2,21.5,19.3,43.3,31.5,68.5,46.7,53.3,34.5,65.5,LeBron James,27
2013-14,MIA,77,37.7,77.4,22.6,62.3,12.1,16.7,22.3,21.0,22.4,50.3,39.5,60.5,53.4,46.6,41.6,58.4,LeBron James,27
2012-13,MIA,76,37.9,81.2,18.8,65.0,17.1,15.2,20.1,19.8,22.8,47.9,37.8,62.2,55.3,44.7,40.1,59.9,LeBron James,27
2011-12,MIA,62,37.5,87.3,12.7,67.4,22.3,9.6,21.6,23.0,22.2,45.0,36.0,64.0,51.9,48.1,37.4,62.6,LeBron James,27
2010-11,MIA,79,38.8,81.2,18.8,63.1,20.6,13.1,21.6,23.8,18.6,42.5,28.4,71.6,60.9,39.1,32.3,67.7,LeBron James,27
2009-10,CLE,76,39.0,74.7,25.3,56.6,16.7,17.1,20.4,26.3,18.6,39.9,36.9,63.1,34.1,65.9,36.5,63.5,LeBron James,27
2008-09,CLE,81,37.7,76.2,23.8,57.0,16.8,17.2,18.2,25.8,20.5,40.3,31.8,68.2,42.4,57.6,33.6,66.4,LeBron James,27
2007-08,CLE,75,40.4,78.1,21.9,60.5,16.4,15.1,17.3,24.4,16.4,44.1,33.3,66.7,39.8,60.2,34.3,65.7,LeBron James,27
2006-07,CLE,78,40.9,80.9,19.1,63.1,19.0,13.9,17.4,23.0,16.7,44.1,32.1,67.9,49.5,50.5,34.3,65.7,LeBron James,27
2005-06,CLE,79,42.5,79.2,20.8,60.4,19.5,15.4,19.7,24.2,16.7,40.8,30.3,69.7,41.7,58.3,32.0,68.0,LeBron James,27
2004-05,CLE,80,42.3,81.7,18.3,63.2,20.0,14.9,20.3,21.9,21.8,43.1,44.5,55.5,50.0,50.0,45.3,54.7,LeBron James,27
2003-04,CLE,79,39.6,85.5,14.5,67.6,22.1,11.4,24.5,21.0,20.7,45.5,44.2,55.8,74.6,25.4,47.3,52.7,LeBron James,27
2024-25,DAL,22,35.7,54.5,45.5,45.6,10.3,36.3,14.9,18.1,18.9,35.2,27.7,72.3,48.0,52.0,34.7,65.3,Luka Doncic,7
2023-24,DAL,70,37.5,55.0,45.0,43.9,11.2,35.9,8.7,20.2,13.2,32.7,17.7,82.3,29.9,70.1,22.0,78.0,Luka Doncic,7
2022-23,DAL,66,36.2,62.7,37.3,50.0,8.5,26.0,5.2,24.0,14.0,41.4,13.1,86.9,21.6,78.4,15.3,84.7,Luka Doncic,7
2021-22,DAL,65,35.4,59.4,40.6,47.6,8.8,32.6,4.0,19.8,11.5,38.9,10.7,89.3,21.9,78.1,14.2,85.8,Luka Doncic,7
2020-21,DAL,66,34.3,59.4,40.6,49.7,9.7,31.5,5.5,18.8,10.8,40.0,9.5,90.5,23.4,76.6,13.6,86.4,Luka Doncic,7
2019-20,DAL,61,33.6,56.9,43.1,46.6,2.3,29.2,8.6,24.2,9.7,44.3,17.1,82.9,24.0,76.0,19.1,80.9,Luka Doncic,7
2018-19,DAL,72,32.2,56.7,43.3,44.3,6.7,33.0,13.8,22.7,14.1,37.6,19.5,80.5,42.3,57.7,27.1,72.9,Luka Doncic,7
2024-25,DET,36,28.2,30.1,69.9,23.7,7.7,69.4,16.5,6.9,14.4,16.0,66.2,33.8,91.0,9.0,82.6,17.4,Malik Beasley,83
2023-24,MIL,79,29.6,24.9,75.1,21.6,4.7,75.6,13.4,2.8,16.4,16.9,68.8,31.3,95.1,4.9,87.2,12.8,Malik Beasley,83
2022-23,TOT,81,25.8,29.8,70.2,26.3,7.0,68.8,15.1,4.9,14.5,19.3,51.1,48.9,85.5,14.5,73.0,27.0,Malik Beasley,83
2022-23,LAL,26,23.9,30.2,69.8,27.0,2.8,68.5,20.8,4.5,16.3,24.2,53.8,46.2,95.5,4.5,80.0,20.0,Malik Beasley,83
2022-23,UTA,55,26.8,29.6,70.4,26.1,8.7,68.9,12.9,5.0,13.9,17.4,50.0,50.0,81.7,18.3,70.2,29.8,Malik Beasley,83
2021-22,MIN,79,25.0,25.1,74.9,19.3,5.0,75.6,16.6,5.1,18.4,14.3,65.2,34.8,90.4,9.6,83.4,16.6,Malik Beasley,83
2020-21,MIN,37,32.8,46.5,53.5,37.6,7.2,53.0,15.3,9.4,19.2,30.4,63.2,36.8,87.5,12.5,75.0,25.0,Malik Beasley,83
2019-20,TOT,55,22.0,48.3,51.7,39.0,9.8,52.2,17.9,8.8,19.8,29.3,66.7,33.3,88.8,11.2,77.1,22.9,Malik Beasley,83
2019-20,MIN,14,33.1,50.6,49.4,42.1,6.2,50.7,21.4,7.2,21.7,35.9,68.9,31.1,79.6,20.4,73.6,26.4,Malik Beasley,83
2019-20,DEN,41,18.2,46.5,53.5,36.3,12.9,53.5,14.8,10.2,18.2,23.4,64.4,35.6,96.6,3.4,80.3,19.7,Malik Beasley,83
2018-19,DEN,81,23.2,45.0,55.0,40.6,7.9,53.3,20.3,6.1,18.4,32.7,75.8,24.2,98.2,1.8,86.2,13.8,Malik Beasley,83
2017-18,DEN,62,9.4,53.9,46.1,45.9,9.2,42.9,17.3,11.2,25.0,36.7,71.1,28.9,92.9,7.1,79.5,20.5,Malik Beasley,83
2016-17,DEN,22,7.5,61.6,38.4,57.8,7.2,32.5,38.6,9.7,19.3,50.6,41.7,58.3,100.0,0.0,57.6,42.4,Malik Beasley,83
2024-25,SAC,30,30.8,49.0,51.0,42.0,5.5,42.9,15.5,15.1,17.8,36.5,44.9,55.1,76.7,23.3,57.8,42.2,Malik Monk   ,72
2023-24,SAC,72,26.0,52.6,47.4,44.7,8.3,40.0,15.5,15.3,13.8,36.4,46.4,53.6,78.4,21.6,58.3,41.7,Malik Monk   ,72
2022-23,SAC,77,22.3,50.0,50.0,41.1,5.6,41.2,17.8,17.7,19.3,35.5,52.8,47.2,83.2,16.8,65.0,35.0,Malik Monk   ,72
2021-22,LAL,76,28.1,46.5,53.5,41.6,3.4,49.5,19.7,8.9,15.3,38.2,54.6,45.4,83.2,16.8,67.3,32.7,Malik Monk   ,72
2020-21,CHA,42,20.9,46.9,53.1,35.9,4.9,52.0,12.2,12.1,19.0,31.0,43.2,56.8,80.0,20.0,61.3,38.7,Malik Monk   ,72
2019-20,CHA,55,21.3,58.2,41.8,54.6,2.8,30.9,14.4,14.5,15.1,51.8,52.6,47.4,86.2,13.8,61.8,38.2,Malik Monk   ,72
2018-19,CHA,73,17.2,43.7,56.3,36.1,8.3,50.1,16.5,13.8,16.1,27.9,43.2,56.8,89.9,10.1,65.6,34.4,Malik Monk   ,72
2017-18,CHA,63,13.5,42.8,57.2,33.3,11.9,59.1,10.5,7.6,17.3,21.4,38.6,61.4,62.7,37.3,51.6,48.4,Malik Monk   ,72
2024-25,DEN,34,34.7,54.5,45.5,48.2,8.9,41.9,13.8,9.9,14.7,39.3,79.6,20.4,93.4,6.6,84.7,15.3,Micheal Porter Jr.,54
2023-24,DEN,81,31.7,48.7,51.3,44.5,15.9,48.7,15.6,6.8,15.3,28.6,75.8,24.2,96.4,3.6,84.5,15.5,Micheal Porter Jr.,54
2022-23,DEN,62,29.0,44.4,55.6,38.9,9.8,52.2,19.5,8.9,13.3,29.1,76.7,23.3,92.6,7.4,84.2,15.8,Micheal Porter Jr.,54
2021-22,DEN,9,29.4,53.4,46.6,60.7,22.5,33.7,23.6,5.6,20.2,38.2,70.4,29.6,90.0,10.0,75.7,24.3,Micheal Porter Jr.,54
2020-21,DEN,61,31.3,53.2,46.8,47.0,9.8,43.9,16.4,9.1,15.8,37.2,71.4,28.6,91.8,8.2,79.2,20.8,Micheal Porter Jr.,54
2019-20,DEN,55,16.4,61.6,38.4,52.0,9.0,36.3,12.5,11.7,13.9,43.0,63.2,36.8,83.9,16.1,69.7,30.3,Micheal Porter Jr.,54
2024-25,NYK,37,39.2,55.8,44.2,57.6,14.0,37.9,16.9,4.5,14.5,43.6,67.2,32.8,95.4,4.6,75.8,24.2,Mikal Bridges,57
2023-24,BKN,82,34.8,54.3,45.7,42.8,9.1,41.1,12.7,16.1,14.5,33.7,49.4,50.6,88.2,11.8,64.5,35.5,Mikal Bridges,57
2022-23,TOT,83,35.7,65.1,34.9,50.7,14.4,30.3,12.8,19.0,16.2,36.4,53.8,46.2,92.3,7.7,64.8,35.2,Mikal Bridges,57
2022-23,BKN,27,34.2,64.0,36.0,48.4,15.9,28.9,9.3,22.7,14.4,32.6,43.9,56.1,83.8,16.2,55.2,44.8,Mikal Bridges,57
2022-23,PHX,56,36.4,65.8,34.2,52.4,13.3,31.4,15.3,16.2,17.5,39.2,60.5,39.5,98.0,2.0,71.2,28.8,Mikal Bridges,57
2021-22,PHX,82,34.8,63.6,36.4,59.0,6.9,29.7,19.9,11.3,21.1,52.2,76.4,23.6,98.3,1.7,81.9,18.1,Mikal Bridges,57
2020-21,PHX,72,32.6,52.9,47.1,47.2,3.9,41.4,21.9,11.4,21.4,43.3,76.4,23.6,98.5,1.5,84.6,15.4,Mikal Bridges,57
2019-20,PHX,73,28.0,59.9,40.1,53.1,3.9,31.5,19.9,15.4,21.7,49.2,76.3,23.7,98.6,1.4,82.6,17.4,Mikal Bridges,57
2018-19,PHX,82,29.5,44.4,55.6,40.1,2.9,46.1,21.2,13.8,28.8,37.1,71.5,28.5,96.2,3.8,82.2,17.8,Mikal Bridges,57
2024-25,CHA,22,31.1,56.3,43.7,50.4,2.5,32.1,14.8,17.5,16.3,47.8,56.6,43.4,92.9,7.1,67.4,32.6,Miles Bridges,64
2023-24,CHA,69,37.4,62.8,37.2,55.5,6.8,32.5,10.4,12.0,14.6,48.7,55.5,44.5,87.9,12.1,64.6,35.4,Miles Bridges,64
2021-22,CHA,80,35.5,61.7,38.3,54.8,2.7,28.6,10.5,16.6,14.6,52.1,59.7,40.3,82.5,17.5,65.6,34.4,Miles Bridges,64
2020-21,CHA,66,29.3,53.4,46.6,46.9,1.7,41.4,11.9,11.7,15.4,45.2,71.6,28.4,81.9,18.1,75.4,24.6,Miles Bridges,64
2019-20,CHA,65,30.7,60.2,39.8,52.2,3.3,35.2,11.4,12.6,13.6,48.9,51.4,48.6,93.9,6.1,64.6,35.4,Miles Bridges,64
2018-19,CHA,80,21.2,60.9,39.1,57.6,2.7,32.7,10.9,9.7,15.9,54.9,77.3,22.7,95.4,4.6,82.3,17.7,Miles Bridges,64
2024-25,IND,35,31.3,56.3,43.7,48.0,9.1,38.6,2.8,13.4,11.2,38.9,80.3,19.7,98.5,1.5,86.7,13.3,Myles Turner,88
2023-24,IND,77,27.0,64.4,35.6,54.8,8.2,26.5,6.7,18.7,8.8,46.6,80.0,20.0,99.1,0.9,84.7,15.3,Myles Turner,88
2022-23,IND,62,29.4,66.0,34.0,55.5,4.1,25.1,7.3,19.4,10.3,51.4,77.3,22.7,96.8,3.2,81.8,18.2,Myles Turner,88
2021-22,IND,42,29.4,53.4,46.6,51.5,3.3,33.9,7.6,14.6,10.6,48.1,68.3,31.7,100.0,0.0,78.0,22.0,Myles Turner,88
2020-21,IND,47,31.0,52.3,47.7,46.3,1.7,35.0,7.3,18.7,14.9,44.6,75.9,24.1,100.0,0.0,84.0,16.0,Myles Turner,88
2019-20,IND,62,29.4,57.4,42.6,48.6,11.2,34.4,2.8,17.0,12.8,37.4,70.9,29.1,100.0,0.0,80.2,19.8,Myles Turner,88
2018-19,IND,74,28.6,74.9,25.1,61.8,20.5,23.2,6.0,15.0,16.6,41.3,78.0,22.0,97.4,2.6,81.8,18.2,Myles Turner,88
2017-18,IND,65,28.2,75.4,24.6,60.4,27.3,20.3,4.8,19.3,12.6,33.1,73.6,26.4,98.2,1.8,78.1,21.9,Myles Turner,88
2016-17,IND,81,31.4,86.8,13.2,68.9,24.7,10.2,5.4,20.9,13.7,44.2,81.2,18.8,97.5,2.5,82.7,17.3,Myles Turner,88
2015-16,IND,60,22.8,97.4,2.6,84.3,38.1,1.5,7.4,14.2,13.7,46.2,79.7,20.3,100.0,0.0,79.9,20.1,Myles Turner,88
2024-25,DEN,29,36.9,78.1,21.9,61.3,6.3,21.9,7.5,16.8,9.8,55.1,67.8,32.2,87.7,12.3,71.6,28.4,Nikola Jokic,3
2023-24,DEN,79,34.6,83.6,16.4,70.9,7.1,11.9,3.7,17.2,10.2,63.8,57.2,42.8,80.7,19.3,59.6,40.4,Nikola Jokic,3
2022-23,DEN,69,33.7,85.4,14.6,69.7,5.3,10.1,5.6,20.2,12.4,64.4,60.6,39.4,84.2,15.8,62.7,37.3,Nikola Jokic,3
2021-22,DEN,74,33.5,78.0,22.0,66.6,6.8,14.5,6.4,18.9,11.1,59.8,58.0,42.0,91.8,8.2,62.3,37.7,Nikola Jokic,3
2020-21,DEN,72,34.6,81.7,18.3,67.4,12.8,14.5,2.9,18.1,12.9,54.7,48.4,51.6,96.7,3.3,54.5,45.5,Nikola Jokic,3
2019-20,DEN,73,32.0,76.2,23.8,66.6,14.3,16.5,2.7,16.9,10.4,52.3,51.1,48.9,85.0,15.0,55.9,44.1,Nikola Jokic,3
2018-19,DEN,80,31.3,77.6,22.4,66.5,7.7,15.5,3.1,18.0,10.0,58.7,48.0,52.0,91.6,8.4,53.9,46.1,Nikola Jokic,3
2017-18,DEN,75,32.6,72.3,27.7,56.8,13.0,24.0,4.4,19.2,10.9,43.8,54.5,45.5,89.2,10.8,62.1,37.9,Nikola Jokic,3
2016-17,DEN,73,27.9,83.7,16.3,73.5,13.8,11.1,5.9,15.4,8.0,59.8,56.6,43.4,93.3,6.7,59.9,40.1,Nikola Jokic,3
2015-16,DEN,80,21.7,86.0,14.0,70.1,8.3,10.6,4.8,19.3,12.6,61.8,59.9,40.1,92.9,7.1,62.9,37.1,Nikola Jokic,3
2024-25,CHI,35,32.3,67.3,32.7,60.8,6.7,30.5,2.1,8.7,8.2,54.1,77.5,22.5,98.6,1.4,82.8,17.2,Nikola Vucevic,46
2023-24,CHI,76,34.3,74.2,25.8,72.1,14.7,20.1,1.8,7.8,10.9,57.4,74.5,25.5,100.0,0.0,78.5,21.5,Nikola Vucevic,46
2022-23,CHI,82,33.5,69.8,30.2,65.8,11.5,25.1,4.0,9.1,13.8,54.3,73.5,26.5,100.0,0.0,78.9,21.1,Nikola Vucevic,46
2021-22,CHI,73,33.1,71.3,28.7,68.6,14.6,24.2,3.9,7.2,12.0,54.0,71.3,28.7,100.0,0.0,76.7,23.3,Nikola Vucevic,46
2020-21,TOT,70,33.5,68.5,31.5,59.8,20.3,32.2,5.9,8.0,8.3,39.5,61.6,38.4,99.4,0.6,71.6,28.4,Nikola Vucevic,46
2020-21,CHI,26,32.6,68.9,31.1,61.2,18.6,31.7,7.9,7.1,8.2,42.6,63.2,36.8,98.3,1.7,72.2,27.8,Nikola Vucevic,46
2020-21,ORL,44,34.1,68.3,31.7,59.1,21.1,32.5,4.9,8.4,8.3,38.0,60.8,39.2,100.0,0.0,71.3,28.7,Nikola Vucevic,46
2019-20,ORL,62,32.2,72.0,28.0,65.0,12.0,24.2,3.6,10.8,10.9,53.0,71.9,28.1,99.0,1.0,77.3,22.7,Nikola Vucevic,46
2018-19,ORL,80,31.4,82.9,17.1,74.1,15.1,15.1,2.8,10.8,12.2,59.0,66.9,33.1,100.0,0.0,70.9,29.1,Nikola Vucevic,46
2017-18,ORL,57,29.5,75.7,24.3,71.4,19.4,20.4,7.7,8.2,14.1,52.0,67.2,32.8,100.0,0.0,72.4,27.6,Nikola Vucevic,46
2016-17,ORL,75,28.8,92.7,7.3,83.9,35.6,6.3,3.6,9.8,12.9,48.4,61.7,38.3,100.0,0.0,63.6,36.4,Nikola Vucevic,46
2015-16,ORL,65,31.3,99.1,0.9,89.9,38.3,0.5,3.2,9.6,12.0,51.7,61.0,39.0,50.0,50.0,61.0,39.0,Nikola Vucevic,46
2014-15,ORL,74,34.2,99.5,0.5,88.1,29.8,0.4,3.6,11.5,12.3,58.3,65.5,34.5,100.0,0.0,65.6,34.4,Nikola Vucevic,46
2013-14,ORL,57,31.8,100.0,0.0,87.1,27.9,0.0,2.3,12.9,13.1,59.2,62.6,37.4,0.0,0.0,62.6,37.4,Nikola Vucevic,46
2012-13,ORL,77,33.2,99.7,0.3,91.5,26.2,0.0,2.6,8.5,12.9,65.3,67.0,33.0,0.0,0.0,67.0,33.0,Nikola Vucevic,46
2011-12,PHI,51,15.9,97.3,2.7,90.5,27.6,3.2,4.9,6.3,11.3,62.9,64.8,35.2,100.0,0.0,65.6,34.4,Nikola Vucevic,46
2024-25,LAC,26,33.3,51.9,48.1,38.7,3.5,46.1,19.8,15.2,19.3,35.2,54.9,45.1,79.4,20.6,65.8,34.2,Norman Powell,23
2023-24,LAC,76,26.2,50.0,50.0,39.0,6.4,47.4,13.0,13.6,14.8,32.6,68.9,31.1,91.6,8.4,79.1,20.9,Norman Powell,23
2022-23,LAC,60,26.1,59.6,40.4,44.4,5.9,33.6,14.2,22.0,11.3,38.5,52.7,47.3,87.7,12.3,64.4,35.6,Norman Powell,23
2021-22,TOT,45,32.4,58.2,41.8,40.6,8.9,37.3,16.3,22.1,18.3,31.7,50.9,49.1,87.7,12.3,64.9,35.1,Norman Powell,23
2021-22,LAC,5,25.1,61.9,38.1,35.5,3.7,36.4,15.0,28.1,12.1,31.8,47.4,52.6,61.5,38.5,53.1,46.9,Norman Powell,23
2021-22,POR,40,33.3,57.7,42.3,41.3,9.7,37.4,16.5,21.3,19.2,31.6,51.3,48.7,91.4,8.6,66.4,33.6,Norman Powell,23
2020-21,TOT,69,32.0,54.7,45.3,41.6,4.8,40.0,16.2,18.4,16.3,36.8,54.7,45.3,83.6,16.4,66.0,34.0,Norman Powell,23
2020-21,POR,27,34.4,58.2,41.8,44.8,5.7,34.6,18.3,20.6,15.9,39.1,53.4,46.6,88.7,11.3,65.4,34.6,Norman Powell,23
2020-21,TOR,42,30.4,52.5,47.5,39.9,4.4,43.0,15.1,17.1,16.5,35.5,55.5,44.5,81.4,18.6,66.3,33.7,Norman Powell,23
2019-20,TOR,52,28.4,54.3,45.7,45.1,4.1,39.4,23.3,15.5,19.6,41.0,66.8,33.2,95.4,4.6,77.4,22.6,Norman Powell,23
2018-19,TOR,60,18.8,57.5,42.5,48.4,3.1,39.5,15.9,12.1,16.3,45.3,55.2,44.8,92.6,7.4,68.4,31.6,Norman Powell,23
2017-18,TOR,70,15.2,50.3,49.7,50.4,5.7,41.3,18.7,8.3,21.3,44.7,41.2,58.8,92.5,7.5,59.3,40.7,Norman Powell,23
2016-17,TOR,76,18.0,65.8,34.2,53.8,6.6,26.4,21.4,19.8,18.6,47.2,26.3,73.7,94.6,5.4,43.2,56.8,Norman Powell,23
2015-16,TOR,49,14.8,61.1,38.9,44.7,13.9,39.6,23.8,15.7,19.8,30.8,34.4,65.6,94.4,5.6,56.7,43.3,Norman Powell,23
2024-25,NYK,37,36.5,55.1,44.9,51.1,4.0,37.8,20.7,11.1,20.6,47.1,76.6,23.4,100.0,0.0,84.3,15.7,OG Anunoby,78
2023-24,TOT,50,34.0,53.7,46.3,49.1,6.0,41.7,22.5,9.2,18.3,43.1,68.9,31.1,96.1,3.9,78.7,21.3,OG Anunoby,78
2023-24,NYK,23,34.9,59.4,40.6,51.7,4.3,37.8,19.4,10.5,21.2,47.4,64.3,35.7,97.6,2.4,75.2,24.8,OG Anunoby,78
2023-24,TOR,27,33.3,49.2,50.8,47.1,7.4,44.9,25.0,8.0,15.9,39.7,72.9,27.1,95.1,4.9,81.5,18.5,OG Anunoby,78
2022-23,TOR,67,35.6,58.5,41.5,49.6,5.5,37.9,22.6,12.5,23.8,44.1,56.6,43.4,95.8,4.2,69.8,30.2,OG Anunoby,78
2021-22,TOR,48,36.0,54.5,45.5,47.2,7.3,42.0,15.6,10.8,21.5,39.9,46.4,53.6,87.0,13.0,61.5,38.5,OG Anunoby,78
2020-21,TOR,43,33.3,49.7,50.3,42.5,3.5,45.7,14.8,11.8,18.6,39.0,51.0,49.0,97.1,2.9,70.3,29.7,OG Anunoby,78
2019-20,TOR,69,29.9,59.7,40.3,53.8,1.4,36.4,19.1,9.8,25.2,52.4,64.0,36.0,95.5,4.5,73.8,26.2,OG Anunoby,78
2018-19,TOR,67,20.2,50.0,50.0,49.5,3.0,42.9,16.4,7.6,17.1,46.5,49.1,50.9,98.5,1.5,67.2,32.8,OG Anunoby,78
2017-18,TOR,74,20.0,43.1,56.9,41.1,0.5,50.0,14.8,8.9,18.9,40.6,71.1,28.9,94.5,5.5,81.6,18.4,OG Anunoby,78
2024-25,ORL,5,36.4,67.0,33.0,51.0,11.0,22.8,11.7,26.2,17.2,40.0,48.6,51.4,54.5,45.5,50.0,50.0,Paolo Banchero,5
2023-24,ORL,80,35.0,75.1,24.9,57.8,14.9,19.8,13.2,22.4,17.1,42.9,36.3,63.7,65.5,34.5,41.7,58.3,Paolo Banchero,5
2022-23,ORL,72,33.7,74.6,25.4,54.8,12.4,17.7,13.4,27.5,15.6,42.4,40.4,59.6,70.6,29.4,45.7,54.3,Paolo Banchero,5
2024-25,IND,37,33.4,69.6,30.4,57.2,11.3,28.5,13.9,14.3,12.7,45.9,54.8,45.2,98.6,1.4,65.7,34.3,Pascal Siakam,49
2023-24,TOT,80,33.2,80.6,19.4,68.6,8.3,14.7,15.3,16.7,11.3,60.3,50.7,49.3,97.6,2.4,56.5,43.5,Pascal Siakam,49
2023-24,IND,41,31.8,84.4,15.6,72.7,9.6,13.4,14.3,13.9,13.1,63.1,48.6,51.4,97.4,2.6,53.9,46.1,Pascal Siakam,49
2023-24,TOR,39,34.7,76.7,23.3,64.5,6.9,16.0,16.2,19.5,9.5,57.6,53.0,47.0,97.8,2.2,59.4,40.6,Pascal Siakam,49
2022-23,TOR,71,37.4,78.1,21.9,62.4,12.7,16.2,15.1,21.4,16.6,49.8,31.7,68.3,86.0,14.0,39.7,60.3,Pascal Siakam,49
2021-22,TOR,68,37.9,81.9,18.1,67.2,9.9,14.5,14.8,18.3,18.6,57.3,29.2,70.8,94.7,5.3,37.4,62.6,Pascal Siakam,49
2020-21,TOR,56,35.8,74.4,25.6,60.9,8.2,18.3,10.8,20.8,14.2,52.7,34.1,65.9,83.6,16.4,42.3,57.7,Pascal Siakam,49
2019-20,TOR,60,35.2,66.9,33.1,53.8,7.0,28.7,18.0,17.5,17.4,46.8,42.3,57.7,66.4,33.6,48.6,51.4,Pascal Siakam,49
2018-19,TOR,80,31.8,77.4,22.6,65.0,3.1,17.5,22.3,17.5,18.5,61.9,49.3,50.7,97.5,2.5,56.6,43.4,Pascal Siakam,49
2017-18,TOR,81,20.7,73.5,26.5,76.1,1.4,14.8,23.3,9.1,22.6,74.7,68.8,31.3,100.0,0.0,72.3,27.7,Pascal Siakam,49
2016-17,TOR,55,15.6,96.6,3.4,89.1,17.5,1.3,19.2,9.6,23.1,71.6,66.7,33.3,100.0,0.0,67.0,33.0,Pascal Siakam,49
2024-25,PHI,24,32.0,54.1,45.9,45.4,21.1,40.2,8.0,14.4,20.6,24.2,26.1,73.9,63.5,36.5,40.0,60.0,Paul George,80
2023-24,LAC,74,33.8,52.4,47.6,40.6,15.6,43.6,10.5,15.8,13.9,25.0,44.8,55.2,73.3,26.7,56.7,43.3,Paul George,80
2022-23,LAC,56,34.6,57.6,42.4,45.2,15.3,35.6,10.6,19.2,17.1,29.9,32.2,67.8,61.4,38.6,42.3,57.7,Paul George,80
2021-22,LAC,31,34.8,59.6,40.4,46.9,19.6,36.2,8.5,16.9,13.9,27.3,22.0,78.0,48.4,51.6,31.0,69.0,Paul George,80
2020-21,LAC,54,33.7,56.3,43.7,43.5,14.1,40.7,8.9,15.8,17.4,29.4,27.7,72.3,67.3,32.7,42.9,57.1,Paul George,80
2019-20,LAC,48,29.6,51.3,48.7,36.0,11.8,45.6,13.0,18.4,17.5,24.2,33.9,66.1,65.0,35.0,48.1,51.9,Paul George,80
2018-19,OKC,77,36.9,53.1,46.9,38.4,12.0,40.6,15.9,21.0,17.4,26.4,31.1,68.9,67.1,32.9,46.0,54.0,Paul George,80
2017-18,OKC,79,36.6,54.6,45.4,38.3,11.6,42.2,11.9,19.5,15.4,26.6,35.8,64.2,80.3,19.7,54.7,45.3,Paul George,80
2016-17,IND,75,35.9,63.2,36.8,48.1,26.7,33.0,11.0,18.9,17.6,21.4,37.5,62.5,81.5,18.5,51.3,48.7,Paul George,80
2015-16,IND,81,34.8,60.9,39.1,42.2,18.9,33.6,14.0,24.2,20.1,23.3,31.9,68.1,71.0,29.0,45.5,54.5,Paul George,80
2014-15,IND,6,15.2,55.1,44.9,34.0,18.9,50.9,3.8,15.1,20.8,15.1,33.3,66.7,88.9,11.1,61.1,38.9,Paul George,80
2013-14,IND,80,36.2,63.3,36.7,45.5,19.1,31.4,12.7,23.1,19.0,26.4,36.5,63.5,77.5,22.5,49.4,50.6,Paul George,80
2012-13,IND,79,37.6,60.1,39.9,46.9,15.3,37.0,19.8,16.1,19.5,31.7,44.0,56.0,83.5,16.5,57.6,42.4,Paul George,80
2011-12,IND,66,29.7,63.4,36.6,47.9,11.3,33.8,22.1,18.3,23.4,36.6,44.0,56.0,85.6,14.4,57.3,42.7,Paul George,80
2010-11,IND,61,20.7,65.1,34.9,58.0,18.1,25.8,25.4,16.2,22.9,39.9,36.2,63.8,85.4,14.6,47.5,52.5,Paul George,80
2024-25,BOS,37,27.9,24.2,75.8,21.9,4.4,70.5,11.7,7.6,12.8,17.5,20.0,80.0,81.4,18.6,61.9,38.1,Payton Pritchard,93
2023-24,BOS,82,22.3,39.8,60.2,38.1,10.4,56.0,12.7,5.9,12.5,27.7,27.3,72.7,85.0,15.0,55.9,44.1,Payton Pritchard,93
2022-23,BOS,48,13.4,37.1,62.9,33.3,4.4,62.2,11.5,4.5,17.8,28.9,44.4,55.6,87.5,12.5,68.3,31.7,Payton Pritchard,93
2021-22,BOS,71,14.1,34.3,65.7,26.7,11.3,68.6,13.3,4.7,17.0,15.4,35.6,64.4,80.2,19.8,63.8,36.3,Payton Pritchard,93
2020-21,BOS,66,19.2,40.7,59.3,32.2,5.5,60.0,11.8,7.8,16.5,26.7,37.8,62.2,84.3,15.7,63.6,36.4,Payton Pritchard,93
2024-25,TOR,28,34.1,69.8,30.2,56.6,3.3,24.7,21.6,18.7,15.2,53.3,42.5,57.5,85.2,14.8,52.1,47.9,RJ Barrett,28
2023-24,TOT,58,31.7,71.6,28.4,59.1,2.2,23.1,20.1,17.8,14.8,56.9,59.2,40.8,98.9,1.1,67.4,32.6,RJ Barrett,28
2023-24,TOR,32,33.5,75.6,24.4,64.7,0.6,20.3,20.7,15.0,12.8,64.1,62.2,37.8,97.9,2.1,68.4,31.6,RJ Barrett,28
2023-24,NYK,26,29.5,66.5,33.5,51.1,4.6,27.2,19.2,21.7,17.7,46.4,53.7,46.3,100.0,0.0,65.9,34.1,RJ Barrett,28
2022-23,NYK,73,33.9,66.8,33.2,54.4,2.7,25.4,13.2,20.2,13.8,51.7,42.4,57.6,92.6,7.4,54.3,45.7,RJ Barrett,28
2021-22,NYK,70,34.5,66.2,33.8,49.8,4.0,29.5,15.3,20.7,14.1,45.8,39.8,60.2,91.3,8.7,54.4,45.6,RJ Barrett,28
2020-21,NYK,72,34.9,70.8,29.2,54.3,7.0,29.4,12.8,16.3,14.5,47.3,35.3,64.7,97.6,2.4,51.8,48.2,RJ Barrett,28
2019-20,NYK,56,30.4,72.9,27.1,57.0,5.7,23.5,13.4,19.5,16.8,51.3,35.4,64.6,93.7,6.3,47.9,52.1,RJ Barrett,28
2024-25,TOR,23,34.2,66.8,33.2,61.4,11.9,23.0,15.6,15.6,16.6,49.5,41.7,58.3,72.2,27.8,47.8,52.2,Scottie Barnes,45
2023-24,TOR,60,34.9,68.6,31.4,58.1,7.1,25.4,15.4,16.5,13.2,51.0,46.2,53.8,91.1,8.9,56.4,43.6,Scottie Barnes,45
2022-23,TOR,77,34.8,78.0,22.0,67.9,7.1,16.0,11.7,16.1,15.6,60.7,49.3,50.8,84.1,15.9,54.0,46.0,Scottie Barnes,45
2021-22,TOR,74,35.4,79.3,20.7,70.7,10.9,15.3,16.0,14.0,15.9,59.8,42.9,57.1,84.5,15.5,48.1,51.9,Scottie Barnes,45
2024-25,POR,27,31.6,57.5,42.5,54.2,13.3,31.1,21.3,14.7,17.4,41.0,40.5,59.5,74.0,26.0,49.7,50.3,Shaedon Sharpe,63
2023-24,POR,32,33.1,58.5,41.5,45.5,9.8,35.3,13.5,19.2,19.2,35.7,46.6,53.4,71.7,28.3,55.1,44.9,Shaedon Sharpe,63
2022-23,POR,80,22.2,56.3,43.7,51.7,9.4,38.8,18.3,9.5,17.7,42.3,55.9,44.1,88.2,11.8,66.7,33.3,Shaedon Sharpe,63
2024-25,OKC,32,34.5,70.6,29.4,57.0,14.0,20.7,11.8,22.3,17.8,43.0,22.8,77.2,36.2,63.8,25.4,74.6,Shai Gilgeous-Alexander,2
2023-24,OKC,75,34.0,81.9,18.1,62.2,14.7,12.6,11.5,25.2,17.0,47.5,22.3,77.7,36.8,63.2,24.0,76.0,Shai Gilgeous-Alexander,2
2022-23,OKC,68,35.5,87.8,12.2,60.5,9.7,8.1,12.7,31.4,17.7,50.8,20.1,79.9,31.0,69.0,21.0,79.0,Shai Gilgeous-Alexander,2
2021-22,OKC,56,34.7,71.8,28.2,56.6,7.6,19.5,7.8,23.9,12.3,49.0,13.7,86.3,30.3,69.7,16.8,83.2,Shai Gilgeous-Alexander,2
2020-21,OKC,35,33.7,69.9,30.1,52.0,4.3,25.7,5.4,22.3,10.1,47.7,7.4,92.6,29.6,70.4,12.9,87.1,Shai Gilgeous-Alexander,2
2019-20,OKC,70,34.7,75.3,24.7,58.8,9.9,19.6,10.4,21.6,17.3,48.8,23.5,76.5,54.0,46.0,29.1,70.9,Shai Gilgeous-Alexander,2
2018-19,LAC,82,26.5,80.6,19.4,65.2,16.2,17.2,16.1,17.6,14.7,49.0,31.0,69.0,90.2,9.8,39.9,60.1,Shai Gilgeous-Alexander,2
2024-25,GSW,28,31.1,37.7,62.3,28.0,7.6,57.7,8.4,14.3,14.0,20.3,40.9,59.1,64.5,35.5,54.5,45.5,Stephen Curry,33
2023-24,GSW,74,32.7,39.4,60.6,30.0,7.8,54.8,8.8,15.2,13.3,22.2,39.9,60.1,61.1,38.9,51.5,48.5,Stephen Curry,33
2022-23,GSW,56,34.7,43.6,56.4,34.7,7.9,49.7,10.7,15.6,15.3,26.8,37.1,62.9,59.3,40.7,47.9,52.1,Stephen Curry,33
2021-22,GSW,64,34.5,38.7,61.3,30.7,7.2,52.5,12.4,16.8,16.0,23.4,36.8,63.2,57.2,42.8,47.7,52.3,Stephen Curry,33
2020-21,GSW,63,34.2,41.3,58.7,31.9,6.6,50.2,11.4,17.9,14.5,25.3,41.1,58.9,58.8,41.2,50.2,49.8,Stephen Curry,33
2019-20,GSW,5,27.9,40.2,59.8,40.4,11.5,34.6,16.3,25.0,8.7,28.8,33.3,66.7,66.7,33.3,45.5,54.5,Stephen Curry,33
2018-19,GSW,69,33.8,39.6,60.4,29.6,9.0,56.5,16.9,13.9,14.1,20.5,46.4,53.6,68.9,31.1,59.0,41.0,Stephen Curry,33
2017-18,GSW,51,32.0,42.0,58.0,32.1,11.6,47.3,16.5,20.6,16.3,20.5,41.7,58.3,61.8,38.2,51.6,48.4,Stephen Curry,33
2016-17,GSW,79,33.4,45.3,54.7,35.1,10.0,48.6,23.9,16.3,17.3,25.1,41.3,58.7,64.2,35.8,52.3,47.7,Stephen Curry,33
2015-16,GSW,79,34.2,44.6,55.4,33.9,7.2,50.8,21.1,15.3,15.8,26.8,37.2,62.8,56.0,44.0,46.6,53.4,Stephen Curry,33
2014-15,GSW,80,32.7,51.8,48.2,38.6,12.3,45.2,25.8,16.2,18.7,26.3,33.2,66.8,58.7,41.3,44.4,55.6,Stephen Curry,33
2013-14,GSW,78,36.5,55.5,44.5,41.8,21.2,41.8,20.2,16.4,16.3,20.5,19.7,80.3,45.6,54.4,30.1,69.9,Stephen Curry,33
2012-13,GSW,78,38.2,56.8,43.2,39.6,22.7,45.7,20.4,14.7,14.5,16.9,25.1,74.9,61.4,38.6,40.9,59.1,Stephen Curry,33
2011-12,GSW,26,28.1,59.1,40.9,47.0,32.9,43.1,14.4,9.9,19.3,14.1,33.3,66.7,78.2,21.8,50.3,49.7,Stephen Curry,33
2010-11,GSW,74,33.6,67.5,32.5,51.6,26.9,33.0,21.8,15.4,20.0,24.6,25.7,74.3,80.1,19.9,42.0,58.0,Stephen Curry,33
2009-10,GSW,80,36.2,66.8,33.2,51.8,27.2,35.6,23.5,12.6,20.2,24.6,30.7,69.3,74.1,25.9,44.3,55.7,Stephen Curry,33
2024-25,ATL,34,35.7,49.7,50.3,34.7,5.7,38.8,14.0,26.5,14.2,29.0,34.6,65.4,36.4,63.6,35.3,64.7,Trae Young,30
2023-24,ATL,54,36.0,53.5,46.5,37.1,7.9,37.8,9.0,25.1,13.9,29.2,25.2,74.8,33.7,66.3,28.6,71.4,Trae Young,30
2022-23,ATL,73,34.8,66.9,33.1,46.3,10.2,24.1,9.6,29.6,13.7,36.1,17.4,82.6,32.5,67.5,21.3,78.7,Trae Young,30
2021-22,ATL,76,34.9,60.5,39.5,44.4,13.0,32.4,7.7,23.2,14.0,31.4,14.2,85.8,22.3,77.7,16.9,83.1,Trae Young,30
2020-21,ATL,63,33.7,64.3,35.7,44.0,7.7,25.6,8.4,30.4,11.2,36.4,12.5,87.5,28.7,71.3,17.0,83.0,Trae Young,30
2019-20,ATL,60,35.3,54.5,45.5,38.4,5.4,34.6,10.3,27.0,13.0,33.0,16.1,83.9,29.8,70.2,21.2,78.8,Trae Young,30
2018-19,ATL,81,30.9,61.6,38.4,47.6,6.2,30.2,15.9,22.2,12.7,41.4,21.1,78.9,42.3,57.7,27.4,72.6,Trae Young,30
2024-25,NOP,23,34.1,45.6,54.4,37.9,3.4,45.5,19.6,16.6,20.0,34.5,71.1,28.9,90.3,9.7,79.6,20.4,Trey Murphy III,40
2023-24,NOP,57,29.7,28.3,71.7,25.2,1.2,60.2,20.9,14.6,16.0,24.0,67.9,32.1,89.3,10.7,81.1,18.9,Trey Murphy III,40
2022-23,NOP,79,31.0,37.9,62.1,32.2,1.7,52.8,24.0,15.0,22.3,30.5,67.0,33.0,96.0,4.0,82.2,17.8,Trey Murphy III,40
2021-22,NOP,62,13.9,32.9,67.1,22.8,1.2,63.8,17.1,13.4,18.3,21.6,57.9,42.1,97.2,2.8,83.5,16.5,Trey Murphy III,40
2024-25,MIA,31,35.3,45.2,54.8,36.7,4.2,49.0,13.8,14.3,15.8,32.4,33.3,66.7,75.6,24.4,53.3,46.7,Tyler Herro,22
2023-24,MIA,42,33.5,54.7,45.3,43.9,11.7,45.3,13.9,10.8,13.0,32.2,41.7,58.3,81.1,18.9,57.7,42.3,Tyler Herro,22
2022-23,MIA,67,34.9,51.6,48.4,42.2,10.7,45.2,9.1,12.6,17.3,31.5,39.1,60.9,70.4,29.6,52.2,47.8,Tyler Herro,22
2021-22,MIA,66,32.6,60.9,39.1,47.7,15.4,38.4,11.1,13.9,16.5,32.3,33.4,66.6,70.9,29.1,46.5,53.5,Tyler Herro,22
2020-21,MIA,54,30.3,57.5,42.5,49.1,15.5,39.4,11.2,11.5,15.2,33.6,46.0,54.0,72.9,27.1,55.4,44.6,Tyler Herro,22
2019-20,MIA,55,27.4,52.8,47.2,41.5,17.5,46.8,9.6,11.7,14.4,24.0,47.4,52.6,78.4,21.6,60.7,39.3,Tyler Herro,22
2024-25,IND,37,35.1,40.6,59.4,34.9,10.0,49.3,11.4,15.8,13.0,24.9,40.3,59.7,53.6,46.4,46.8,53.2,Tyrese Haliburton,60
2023-24,IND,69,32.2,49.0,51.0,43.9,11.7,42.1,12.5,14.0,13.4,32.3,31.5,68.5,47.2,52.8,37.6,62.4,Tyrese Haliburton,60
2022-23,IND,56,33.6,52.2,47.8,43.3,6.9,41.6,15.3,15.1,15.8,36.4,24.7,75.3,44.7,55.3,32.5,67.5,Tyrese Haliburton,60
2021-22,TOT,77,35.0,57.2,42.8,45.6,13.5,40.9,15.2,13.5,15.2,32.0,27.9,72.1,58.4,41.6,39.3,60.7,Tyrese Haliburton,60
2021-22,IND,26,36.1,57.6,42.4,46.3,11.5,37.7,15.6,16.0,13.0,34.8,34.3,65.7,57.9,42.1,42.6,57.4,Tyrese Haliburton,60
2021-22,SAC,51,34.4,57.0,43.0,45.1,14.9,42.9,14.9,12.0,16.5,30.3,23.8,76.2,58.7,41.3,37.3,62.7,Tyrese Haliburton,60
2020-21,SAC,58,30.1,52.2,47.8,45.4,11.2,48.2,14.2,6.4,16.2,34.3,32.2,67.8,78.5,21.5,51.4,48.6,Tyrese Haliburton,60
2024-25,PHI,25,37.4,55.0,45.0,44.1,4.3,37.5,18.4,18.4,24.7,39.8,24.5,75.5,46.9,53.1,32.6,67.4,Tyrese Maxey,11
2023-24,PHI,70,37.5,59.9,40.1,46.9,5.7,35.0,15.4,18.1,18.0,41.2,34.3,65.7,59.9,40.1,42.8,57.2,Tyrese Maxey,11
2022-23,PHI,60,33.6,59.6,40.4,45.8,7.9,39.4,19.0,14.8,16.9,37.9,44.4,55.6,72.5,27.5,54.7,45.3,Tyrese Maxey,11
2021-22,PHI,75,35.3,68.9,31.1,53.5,10.1,30.2,18.7,16.3,18.8,43.5,45.0,55.0,71.2,28.8,52.2,47.8,Tyrese Maxey,11
2020-21,PHI,61,15.3,76.0,24.0,68.4,16.4,19.1,17.6,12.5,18.2,52.0,38.3,61.7,80.6,19.4,44.9,55.1,Tyrese Maxey,11
2024-25,SAS,28,32.9,51.0,49.0,45.8,8.4,39.0,7.5,15.2,15.2,37.4,65.9,34.1,87.1,12.9,73.5,26.5,Victor Wembanyama,12
2023-24,SAS,71,29.7,66.8,33.2,55.6,8.4,25.2,12.3,19.2,14.7,47.2,72.8,27.2,79.7,20.3,74.4,25.6,Victor Wembanyama,12
2024-25,CHI,31,33.6,55.0,45.0,43.6,10.9,42.7,21.2,13.7,15.8,32.7,47.4,52.6,56.9,43.1,51.2,48.8,Zach LaVine,29
2023-24,CHI,25,34.9,55.1,44.9,45.6,12.3,36.3,17.5,18.1,16.0,33.3,39.6,60.4,52.5,47.5,44.1,55.9,Zach LaVine,29
2022-23,CHI,77,35.9,60.8,39.2,49.0,12.1,32.0,15.7,19.0,17.0,36.9,33.5,66.5,64.7,35.3,42.9,57.1,Zach LaVine,29
2021-22,CHI,67,34.7,59.9,40.1,46.5,12.4,33.9,12.5,19.6,17.2,34.1,35.0,65.0,56.8,43.2,42.1,57.9,Zach LaVine,29
2020-21,CHI,58,35.1,57.5,42.5,46.4,9.7,37.7,12.5,15.9,14.0,36.7,35.5,64.5,51.5,48.5,41.1,58.9,Zach LaVine,29
2019-20,CHI,60,34.8,59.6,40.4,46.4,6.8,36.1,13.9,17.5,17.8,39.6,40.6,59.4,54.9,45.1,45.5,54.5,Zach LaVine,29
2018-19,CHI,63,34.5,71.7,28.3,55.0,9.8,24.1,13.9,20.9,16.2,45.2,33.2,66.8,52.5,47.5,37.5,62.5,Zach LaVine,29
2017-18,CHI,24,27.3,65.4,34.6,46.9,9.0,31.4,15.0,21.7,15.0,37.9,30.9,69.1,47.6,52.4,36.0,64.0,Zach LaVine,29
2016-17,MIN,47,37.2,56.3,43.7,46.3,14.6,40.5,20.7,13.2,21.9,31.7,46.6,53.4,81.7,18.3,59.5,40.5,Zach LaVine,29
2015-16,MIN,82,28.0,67.0,33.0,53.9,17.0,32.1,23.7,14.0,18.3,36.9,41.6,58.4,74.0,26.0,50.8,49.2,Zach LaVine,29
2014-15,MIN,77,24.7,75.3,24.7,58.9,21.6,22.0,28.3,19.1,19.4,37.3,34.9,65.1,78.9,21.1,43.7,56.3,Zach LaVine,29
